-- MySQL dump 10.13  Distrib 8.0.21, for macos10.15 (x86_64)
--
-- Host: localhost    Database: rm
-- ------------------------------------------------------
-- Server version	8.0.21

/*!40101 SET @OLD_CHARACTER_SET_CLIENT=@@CHARACTER_SET_CLIENT */;
/*!40101 SET @OLD_CHARACTER_SET_RESULTS=@@CHARACTER_SET_RESULTS */;
/*!40101 SET @OLD_COLLATION_CONNECTION=@@COLLATION_CONNECTION */;
/*!50503 SET NAMES utf8mb4 */;
/*!40103 SET @OLD_TIME_ZONE=@@TIME_ZONE */;
/*!40103 SET TIME_ZONE='+00:00' */;
/*!40014 SET @OLD_UNIQUE_CHECKS=@@UNIQUE_CHECKS, UNIQUE_CHECKS=0 */;
/*!40014 SET @OLD_FOREIGN_KEY_CHECKS=@@FOREIGN_KEY_CHECKS, FOREIGN_KEY_CHECKS=0 */;
/*!40101 SET @OLD_SQL_MODE=@@SQL_MODE, SQL_MODE='NO_AUTO_VALUE_ON_ZERO' */;
/*!40111 SET @OLD_SQL_NOTES=@@SQL_NOTES, SQL_NOTES=0 */;

--
-- Table structure for table `characteristics`
--

DROP TABLE IF EXISTS `characteristics`;
/*!40101 SET @saved_cs_client     = @@character_set_client */;
/*!50503 SET character_set_client = utf8mb4 */;
CREATE TABLE `characteristics` (
  `id` int unsigned NOT NULL AUTO_INCREMENT COMMENT 'Идентификатор строки',
  `name` varchar(100) CHARACTER SET utf8 COLLATE utf8_unicode_ci NOT NULL COMMENT 'Наименование атрибута ресурса',
  `description` varchar(500) CHARACTER SET utf8 COLLATE utf8_unicode_ci DEFAULT NULL COMMENT 'Описание',
  `created_at` datetime DEFAULT CURRENT_TIMESTAMP COMMENT 'Время создания строки',
  `updated_at` datetime DEFAULT CURRENT_TIMESTAMP ON UPDATE CURRENT_TIMESTAMP COMMENT 'Время обновления строки',
  PRIMARY KEY (`id`)
) ENGINE=InnoDB AUTO_INCREMENT=101 DEFAULT CHARSET=utf8 COLLATE=utf8_unicode_ci COMMENT='Атрибуты ресурса';
/*!40101 SET character_set_client = @saved_cs_client */;

--
-- Dumping data for table `characteristics`
--

LOCK TABLES `characteristics` WRITE;
/*!40000 ALTER TABLE `characteristics` DISABLE KEYS */;
INSERT INTO `characteristics` VALUES (1,'qui','Tenetur et optio cum vel voluptatum. Maxime rerum eius cumque est. Autem et distinctio rem est vitae molestias reiciendis doloremque. Ea et corporis aut tenetur dicta quod aut.','1997-02-24 20:50:51','1981-08-31 04:33:01'),(2,'cumque','Vel sapiente cupiditate modi omnis at. Impedit est culpa recusandae et nesciunt beatae assumenda cum. Vitae amet aut ipsum voluptatibus aperiam incidunt corrupti. Similique esse corporis deleniti amet culpa. Repellat consequatur rerum unde et dolores deleniti ut sit.','2017-11-23 03:26:39','2014-08-02 11:43:47'),(3,'veritatis','Facilis aut ducimus officiis sit. Ea ex quas sint ut optio nihil tenetur. Est aut quas et eos. Molestiae porro et ea velit atque sint.','1994-03-09 08:19:20','2009-04-11 22:42:09'),(4,'velit','Odit quia et cumque sunt harum asperiores. Sequi voluptates soluta quas possimus totam doloremque mollitia. Ab rerum cumque qui facilis molestiae sunt.','1999-04-21 15:31:15','2001-02-05 08:29:00'),(5,'iusto','Quidem iure distinctio reprehenderit quisquam quia. Est modi fugit perspiciatis quia. Repellat eius et qui deserunt explicabo.','1973-08-27 10:27:32','2011-03-30 11:26:15'),(6,'vel','Quia omnis nesciunt distinctio iure ea. Et sint qui eum et qui natus necessitatibus. Dolore eum unde eos necessitatibus in magnam numquam deserunt.','1983-09-26 00:58:23','1971-11-24 01:48:34'),(7,'vel','Voluptas doloremque non amet totam ut aperiam quia. Enim perferendis eaque deserunt repellat eius sapiente. Mollitia unde molestiae blanditiis et quia quae. Vel ullam quibusdam molestiae ea.','2005-01-20 05:38:33','1980-10-20 03:33:23'),(8,'voluptas','Omnis qui hic est aperiam nobis adipisci maiores. Provident aut aut et eum quidem. Reiciendis consequuntur provident facilis in. Dolores hic tenetur veritatis quis.','1991-04-05 22:30:03','1976-02-10 21:58:21'),(9,'voluptas','Aut velit aspernatur nam qui. Dolorem non est perferendis aut labore dolorem deserunt in. Qui nostrum vel qui fuga consequatur velit similique.','1999-07-09 19:31:32','1972-06-01 21:24:08'),(10,'iusto','Suscipit aliquam est repellendus earum. Cum totam odio voluptatem.','1985-02-05 07:08:36','1980-09-22 13:14:24'),(11,'maxime','Iure aliquid temporibus in est ea consequatur. Omnis et ea dicta dolore. Quaerat voluptates maiores odio. Repudiandae consequuntur nulla maiores.','1980-02-09 18:39:29','1980-07-25 22:02:09'),(12,'quae','Non reiciendis ullam ex eligendi et. Alias dolor consequuntur hic. Sed vel necessitatibus dicta ab dolorem impedit. Repellat possimus est est itaque autem consectetur.','2016-08-24 13:22:15','1981-04-09 18:14:58'),(13,'quos','Error provident porro sunt est rerum velit architecto autem. Quos reiciendis animi nisi voluptatem et dolorum. Autem tenetur aspernatur nobis nulla nam. Voluptatem dignissimos recusandae vero impedit aut.','1986-12-07 01:27:10','1971-10-19 12:36:45'),(14,'ipsam','Illo architecto quia quo necessitatibus ab velit. Voluptate corporis nobis sint facilis ad mollitia. Aut tempora ratione laudantium est quaerat quibusdam quae. Tempore nesciunt nihil voluptatem tenetur.','1988-10-27 10:43:56','2019-04-30 23:35:41'),(15,'voluptas','Eligendi cumque amet expedita hic odio non autem. Et autem omnis voluptatem quod. Omnis molestias sit nisi quam ad quisquam atque sequi.','1997-01-11 23:57:00','2012-01-03 02:15:56'),(16,'consequuntur','Consequatur sed dicta in quia iusto dicta qui. Quidem eligendi ratione exercitationem explicabo odit molestiae officia incidunt. Consequatur error unde consequatur.','1972-11-24 06:52:34','2009-07-26 21:21:17'),(17,'harum','Rerum est fuga et ipsam aspernatur. Labore rerum dolores repellat earum sit vitae. Maxime aliquam soluta velit doloribus aut aut. Molestiae illum est eveniet fugiat totam qui nihil voluptatibus. Nesciunt adipisci ratione quos quia.','1996-09-25 07:58:14','1973-08-14 09:22:01'),(18,'maxime','Sint exercitationem laudantium natus non sapiente. Reiciendis natus aliquid explicabo delectus. Non alias sint voluptatum asperiores.','2018-09-16 13:01:30','2010-09-02 09:45:34'),(19,'et','Quae expedita et nam omnis cupiditate et suscipit voluptatem. Aliquid et maxime repudiandae est tempore. Quod quia sed optio omnis iusto.','2015-10-14 01:43:28','2006-06-23 20:51:27'),(20,'ab','Accusamus voluptatem libero nobis sed voluptas repellat. Sunt laboriosam iste incidunt sunt et rem neque qui. Nam aliquam recusandae fugiat magni molestiae blanditiis voluptatem.','1988-11-20 06:29:48','1993-03-15 19:13:09'),(21,'voluptas','Est soluta dolorem adipisci inventore totam. Dicta nihil qui expedita rerum animi praesentium. Dolores eos unde tempore excepturi magni.','1995-03-15 08:50:59','2002-04-14 09:43:08'),(22,'sed','Non nam placeat veritatis eligendi ut nisi dolor aut. Ad et in sunt libero sit. Culpa voluptas nesciunt consequatur ut. Ut tenetur iste nesciunt vel sequi sequi dolorem dolorem.','2003-10-12 05:23:32','1989-09-13 05:46:52'),(23,'eum','In nesciunt eius ducimus eos. Vel voluptatum quos aliquid sed esse aut quisquam. Eligendi ea voluptatem nisi officia architecto. Autem voluptas quia similique quas illum dignissimos odio.','2001-10-01 05:01:18','1973-04-20 04:51:27'),(24,'similique','Nisi fugit velit quia nostrum quia. Explicabo enim numquam magnam a cupiditate repellendus repudiandae. Modi dolorum qui accusamus vitae.','1981-03-29 16:32:23','2009-01-20 10:27:34'),(25,'aut','Magnam mollitia quia ut aut. Nihil eveniet voluptatem sunt qui tempore sit facilis veniam. Laborum atque neque et qui ex ad quidem delectus.','2003-04-08 14:29:11','2010-12-03 17:24:19'),(26,'in','Nostrum iusto mollitia maxime. Cumque accusantium eveniet magni. Alias consectetur sed ipsam necessitatibus. Repellat ducimus alias enim architecto. Quidem omnis omnis et ab quod.','1994-10-09 22:51:31','2009-04-25 19:24:54'),(27,'quasi','Saepe ut quis dolore vero ex enim. Quidem dolore et tenetur consequatur eveniet esse voluptas. Deleniti odit rerum et molestias enim neque quod.','1981-02-21 12:40:02','1994-09-16 01:43:11'),(28,'est','Impedit architecto inventore eum laborum. Tempora omnis ex ab. Soluta odit voluptatem quod sit aut corporis non. Sit magni numquam minima in voluptas.','1991-01-07 10:02:59','1993-03-02 08:11:47'),(29,'rerum','Nobis sint impedit ipsum velit ut nihil odit dolor. Maxime neque nobis deserunt vel. Non iusto iure quia omnis quaerat provident exercitationem sed.','1996-01-10 23:10:07','1983-08-03 02:04:48'),(30,'voluptatibus','Voluptatum omnis ab laboriosam illum. Vel autem vel molestiae eius nesciunt sunt quaerat. Alias voluptatum magnam doloremque animi. Modi aut vero ut.','2005-05-01 03:52:41','1973-05-02 16:56:33'),(31,'et','Sed dolor architecto numquam rerum voluptatem. Qui omnis quia accusantium ipsa ipsam saepe porro. Rerum cum est porro non qui possimus. Reiciendis aut nostrum cumque necessitatibus. Omnis voluptate est molestiae pariatur repudiandae.','1975-01-22 11:43:21','2016-04-08 18:54:07'),(32,'esse','Quisquam esse voluptate ut in. Aperiam rerum aperiam doloribus. Consequatur ex commodi ullam non.','1989-08-01 18:11:01','2000-07-22 04:22:56'),(33,'cupiditate','Sed ad perferendis aut et perferendis recusandae sit. Error veritatis possimus sed ut quam. Nisi eum consequatur ea ex eveniet voluptatum.','2002-08-16 14:17:16','1982-12-06 16:05:59'),(34,'assumenda','Facilis aperiam sunt totam. Numquam ducimus voluptas eum pariatur quo. Enim et vitae consectetur ut.','1995-08-20 21:13:26','2019-03-09 08:46:53'),(35,'architecto','Iure saepe reprehenderit voluptatibus tempora est doloremque. Qui dolores sed recusandae enim officiis. Blanditiis quo suscipit maxime quo doloribus. Rem autem quo soluta et aut hic.','1976-06-09 11:30:47','1979-12-26 18:06:43'),(36,'quam','Blanditiis asperiores ipsam vitae. Soluta aut aliquid in et eveniet dolor. Est eum officiis molestiae ullam aut. Expedita sunt earum voluptas sed vel sunt ipsa.','2011-02-08 06:46:32','1979-01-01 18:43:34'),(37,'quibusdam','Eius dolorem quis ut ipsa natus totam omnis. Impedit hic omnis deserunt saepe iste et modi. Voluptatem eaque doloribus consequatur minus incidunt voluptates voluptatem. Facilis ut et omnis qui laborum architecto.','1996-11-28 20:07:13','2010-08-17 03:18:43'),(38,'consequatur','Totam quia soluta magnam sunt possimus atque et. Dolorem provident aut repellat enim quis in. Ut quia quis minima asperiores eveniet voluptatum voluptate ducimus. Ipsum voluptas velit earum adipisci non explicabo.','2002-11-08 13:34:03','1997-02-16 03:28:48'),(39,'velit','Pariatur eligendi quisquam nihil molestiae rerum. Aliquid veniam qui expedita id explicabo pariatur. Assumenda ipsam dolore et recusandae labore ullam expedita sint.','2005-05-18 02:05:55','1975-03-19 16:19:27'),(40,'eius','Fugiat quisquam facere aliquam sint. Et culpa reiciendis suscipit assumenda qui a aut ut. Commodi commodi numquam ipsum aliquam soluta et dicta.','1983-07-17 07:39:55','1996-10-20 23:43:46'),(41,'sapiente','Consectetur aperiam quam vero deleniti rerum assumenda. Sed nesciunt consequuntur molestiae est et. Voluptatem quasi laborum aut sit expedita et reprehenderit. Deserunt praesentium omnis quisquam eveniet vel.','2007-07-27 16:00:13','1990-08-23 15:27:53'),(42,'similique','Dolorum facere ad voluptatem facere et ullam et. Molestiae sint perferendis aperiam dolor iste quia sed. Omnis beatae similique nostrum architecto excepturi enim. Vel officia modi enim praesentium dolores voluptas recusandae.','1988-11-03 11:17:25','1995-03-27 12:43:05'),(43,'dolor','Nihil non iure libero impedit occaecati. Tempora aut debitis id delectus alias. Suscipit sunt dolor quasi ipsum in sint nulla tempora.','2003-06-12 15:55:32','1997-09-17 19:21:31'),(44,'earum','Sed minus officia est. Quae occaecati officiis velit qui dolorem in id. Autem aut minus porro aspernatur. Corporis aliquam voluptatem tempore facere rerum hic nemo.','1975-02-18 22:56:34','1987-02-26 08:01:09'),(45,'dolores','Modi magnam nesciunt eum ea rem hic. Tempora et dolor reiciendis voluptatem dolor. At fuga nulla quia odio voluptatem ullam. Vero laudantium ut sit sit ea eligendi veniam.','2020-02-07 15:49:24','2001-08-21 01:08:25'),(46,'et','Ab id facilis harum architecto. Unde animi est qui iste consequatur eaque eos perspiciatis. Voluptatem est dignissimos exercitationem et. Enim ducimus rerum recusandae rerum enim omnis.','1975-03-01 06:17:36','2016-05-20 19:30:06'),(47,'voluptatem','Ipsa officiis reprehenderit numquam illum. Temporibus numquam deleniti laborum aliquid ut consectetur odit. Facere quia explicabo vel ullam. Est eveniet in tempora eos neque quos.','1975-04-26 15:08:46','1971-06-09 06:48:10'),(48,'dolores','Aperiam fugit ut rerum et. Commodi temporibus ullam tempore ex. Qui saepe voluptate rerum enim placeat.','2000-05-06 12:03:45','2017-03-31 10:54:13'),(49,'omnis','Aut iusto reiciendis laboriosam ut eum. Vero quam vitae reiciendis est. Debitis sit eos ab laborum. Incidunt voluptas cumque aliquam mollitia velit.','1991-09-15 03:15:18','1991-12-16 16:55:03'),(50,'non','Voluptate minima voluptatum at libero maiores voluptate quos. Aut quibusdam fugit doloremque consequuntur qui nihil ea. Temporibus voluptas qui aut sit autem aperiam in illo.','1988-01-05 02:11:29','1999-01-01 11:09:49'),(51,'ipsa','Enim sapiente odit in et aliquid ad et. Quod magnam reprehenderit non aut adipisci nihil. Autem numquam pariatur eos tempora dolorem eligendi.','1972-08-14 21:30:36','2009-12-10 15:12:48'),(52,'doloribus','Et delectus dolore numquam laudantium ipsam autem. Rerum nostrum nemo magni ea voluptatem. Cupiditate itaque facilis nihil nostrum sed expedita aliquam explicabo.','1977-10-16 09:05:13','2005-11-02 03:01:54'),(53,'voluptatum','Ad aperiam consectetur voluptas. Consequuntur est voluptas non fugit. Ex illo et delectus numquam veritatis non.','1970-12-12 23:20:04','1995-06-04 19:10:23'),(54,'et','Ipsum voluptatem nam omnis a aliquam inventore dolorum laborum. Dolores voluptas sunt pariatur sapiente consequatur fugit ea nam. Aut sint ea voluptatum ipsa. Omnis perspiciatis eaque eius voluptates molestiae.','1990-09-29 16:43:54','2015-12-08 14:44:31'),(55,'labore','Inventore porro reiciendis dolor dolorum dolorem sint rerum temporibus. Voluptas voluptatem rem sed enim nam ratione dolor incidunt. Sequi sit officia facere nihil aperiam occaecati qui pariatur. Excepturi nesciunt error ratione in.','1970-05-04 12:04:05','1998-09-25 01:02:51'),(56,'id','Odit sunt voluptas facilis voluptatem. Illum iste suscipit dolor consequatur unde commodi id. Natus deserunt tenetur aut qui incidunt quia. At eos inventore rerum atque laboriosam ad.','2000-10-18 14:34:29','1974-01-08 02:36:45'),(57,'vero','Voluptatum dolores cupiditate debitis expedita ea est. Facere harum qui doloremque dolor ratione perferendis rerum. Sed aperiam delectus autem iusto cupiditate tenetur.','2003-01-30 04:45:57','2012-12-23 15:41:43'),(58,'necessitatibus','Magnam consequatur et eveniet id provident quia ullam. Quo nemo eaque a incidunt quia dolores impedit nesciunt. Enim laborum non ex voluptate. Rerum est minima sint soluta.','2016-03-20 07:18:31','2020-04-14 19:09:41'),(59,'tenetur','Ducimus itaque numquam accusantium aliquam modi. Aut voluptate assumenda quo et earum porro quia atque. Officia possimus saepe qui consequuntur nisi aperiam.','2014-12-12 16:40:23','2013-04-16 19:17:36'),(60,'nisi','Nemo et est maxime et. Blanditiis facere exercitationem laudantium suscipit laudantium.','1991-08-07 09:39:28','1985-03-15 19:04:45'),(61,'vero','Velit magni et rerum minus. In ullam voluptate consequatur magnam. Ea voluptas voluptatem magnam explicabo voluptas quis. Ut tempore natus sequi incidunt aut.','1985-11-27 13:39:28','1973-08-19 06:26:54'),(62,'animi','Veniam ut ut porro ullam at sed quia. Quo non corrupti quo. Minus aspernatur in et delectus nisi amet maxime. Repellat a dolorem cum vel explicabo ipsa quia.','2005-02-04 09:02:06','1979-01-02 12:34:06'),(63,'ea','Distinctio et voluptatem corporis beatae at et unde fugit. Dolorum fuga enim temporibus voluptas sunt quos maxime qui. Voluptatem non maxime sint.','2008-09-27 08:04:32','1987-09-22 13:26:01'),(64,'dicta','Ea esse at accusantium sit. Quidem modi incidunt dolores eos. Nisi est blanditiis ut sint ipsam.','1997-10-09 02:39:55','1995-09-25 19:52:15'),(65,'omnis','Quaerat praesentium corrupti voluptatem. Vel et assumenda laudantium alias dolor sed magni. Similique aut debitis est beatae. Sint neque consequatur delectus quis dolorum.','1982-11-25 17:21:17','2003-04-18 09:16:39'),(66,'impedit','Sed quae qui eum omnis impedit. Voluptatum minus doloremque nemo inventore iusto ex iste quis. Omnis exercitationem et explicabo et dolore voluptas.','1970-01-05 12:25:21','1986-06-06 02:55:11'),(67,'nam','Et molestias ducimus quia qui in. Commodi ut explicabo est maxime esse omnis. Aspernatur ab illum vitae et aut blanditiis eius. Impedit et a totam magnam.','2011-12-22 04:28:33','1975-05-01 10:52:17'),(68,'quam','Nesciunt fugit tenetur molestiae atque. Vel natus maiores quam qui aut.','1977-04-21 14:37:33','1974-01-03 20:38:15'),(69,'consequatur','Ullam officiis et voluptatem dolor saepe inventore nisi. Ipsa iusto eum illum qui eveniet et sed. Sapiente omnis tempore aut ex inventore. Mollitia autem ut pariatur est. Quis velit dolorem veniam illum quam dolores facere.','2016-10-06 19:42:21','2005-08-04 04:07:50'),(70,'aut','Voluptates inventore a omnis maiores saepe veniam non. Similique praesentium voluptas quae quis quaerat.','2003-05-04 11:52:43','2018-07-27 18:35:32'),(71,'suscipit','Accusamus veniam molestiae deleniti repellat nesciunt facere. Consequatur iste est dolor saepe adipisci qui ea. Exercitationem odit deleniti sunt.','1977-04-18 04:42:17','2009-12-18 08:55:47'),(72,'distinctio','Illo quaerat fugit illum et voluptas repellendus optio. Ut quos ut voluptas et sit esse. Nemo ratione quo asperiores. Sed velit iste temporibus.','1990-07-04 01:40:21','2010-09-20 14:13:05'),(73,'molestias','Libero velit ea ad. Accusantium dolore aut quas veniam. Accusamus accusamus est quaerat dicta eos expedita suscipit.','2014-02-10 21:01:37','1970-01-25 03:50:51'),(74,'rerum','Accusantium vitae libero hic fugit iusto fuga voluptatem labore. Aut eos atque sunt ex. Facilis cupiditate sapiente sequi eum. Velit temporibus consequatur eveniet et illo rerum aut voluptatem.','2003-04-06 10:36:54','2013-09-30 06:22:42'),(75,'beatae','Dolore pariatur inventore earum provident distinctio. Voluptas ratione quo adipisci. Dolore voluptatum ullam dolor.','2013-09-11 21:30:53','2009-05-14 21:06:08'),(76,'est','Quae voluptas ipsam nulla. Voluptas quae error et porro. Laudantium voluptates sunt consequatur et reiciendis. Modi ipsam illo nisi in.','2014-04-27 05:07:40','2009-01-17 17:12:37'),(77,'quod','Atque nisi officia ad voluptatem laboriosam. Voluptatem architecto non nobis aut corporis magnam. Quisquam totam impedit recusandae et consequuntur.','1994-09-25 07:37:10','2007-01-24 15:15:58'),(78,'molestiae','Repudiandae facilis id quo et cum consequatur. Ut aspernatur assumenda magni eos illum deserunt. Facere magni dolorum cumque atque.','2010-07-15 14:19:33','1975-10-01 04:10:59'),(79,'velit','Debitis dolore aut voluptates labore. Velit impedit harum minima nostrum autem occaecati.','1998-11-15 14:50:33','2004-12-12 01:35:12'),(80,'rerum','Est consectetur qui dignissimos est veniam enim. Sunt possimus incidunt accusantium vel. Sit voluptate aut aliquam ipsa libero odit ab. Consequatur harum modi iure voluptate aspernatur.','1997-08-25 13:11:17','1971-07-06 13:22:42'),(81,'vitae','Qui omnis nostrum ut optio quia necessitatibus quasi et. Et non qui voluptatem consequatur voluptas. Quos et qui porro. Veniam impedit tempora commodi eveniet rem doloremque architecto.','1995-12-14 09:03:03','2004-02-13 01:33:51'),(82,'aut','Dolorum est minima voluptas nihil rerum. Dolorum voluptatem ratione architecto ducimus eum qui veniam. Quibusdam et placeat neque culpa laborum.','1981-05-15 02:28:52','1981-07-12 15:12:48'),(83,'quae','Aliquam qui ex aut expedita. Et fugit alias necessitatibus voluptatum et. Modi voluptatem aut earum ea inventore laborum aut. Accusantium voluptatem aut ea qui et doloribus illum.','1985-04-22 02:31:36','1991-01-23 20:05:47'),(84,'nesciunt','Illum quam aut consequatur temporibus eos. Voluptate voluptate odit iure et sed eligendi enim. Dolor quis et vitae. Ut quidem explicabo similique alias est quo delectus sit.','1997-11-14 05:17:18','1998-08-28 05:22:36'),(85,'maiores','Blanditiis suscipit enim nostrum animi. Id corporis quod repellendus voluptatum molestiae eligendi ut.','1995-02-27 11:54:39','2000-09-13 03:46:46'),(86,'nam','Est recusandae beatae consequatur et rerum. Perspiciatis ratione quo sit porro. Aliquid rerum qui aliquam amet harum et. Sapiente assumenda ipsam voluptate.','2018-06-30 22:23:07','2014-09-12 14:48:12'),(87,'eum','Consequatur reiciendis facilis ut et doloribus beatae quia nisi. Aliquam corrupti facilis ea odio at necessitatibus rerum. Tenetur labore eligendi voluptatem aliquid. Repellendus consequuntur sunt nihil distinctio explicabo.','2000-08-06 02:38:27','1983-01-19 05:24:50'),(88,'possimus','Ipsum animi et qui incidunt. Est nulla officia et sed eos.','1999-04-11 07:50:05','1974-09-11 16:44:35'),(89,'mollitia','Blanditiis ex quasi consequatur perspiciatis. Suscipit dolorum eum eos dignissimos delectus tenetur.','2011-03-27 00:04:23','2012-12-23 07:09:52'),(90,'facere','At libero aut quas possimus neque. Odit dolorem eius quia et corrupti ipsam. Consequatur fugit quo laborum error voluptatem.','1984-08-19 10:59:16','1989-05-10 06:23:41'),(91,'autem','At accusamus accusamus optio dolore explicabo necessitatibus deleniti. Fugiat error fugit iusto ut itaque molestiae veritatis magnam. Maxime qui eum velit inventore consectetur ad perferendis. At pariatur et qui voluptates molestiae et.','1992-11-05 14:27:38','2017-08-24 18:30:46'),(92,'inventore','Quaerat quia esse corporis architecto fugiat nam. Est sit cumque ducimus eveniet.','1979-12-04 03:43:27','1975-06-30 09:07:10'),(93,'consequatur','Consequatur aut nihil nam est doloremque sit. Ratione et veniam ut voluptatem facilis enim autem facere. Dolorum expedita minus a totam error.','1987-02-08 02:58:32','2003-03-16 10:08:38'),(94,'laboriosam','Architecto aperiam sunt non laudantium qui minima. Consequatur sapiente incidunt ullam animi est in. Nulla est explicabo vitae omnis eveniet modi nobis. Quam praesentium est et nisi qui rerum qui ut. Enim ut quos laudantium odit.','2000-03-22 02:26:42','2001-08-08 14:47:15'),(95,'dolores','Eius laborum ut quaerat et ea sit. Dolorum autem dolores similique est sit ut voluptates. Perferendis eos quod excepturi sint et. Eos repellat debitis dicta architecto occaecati.','1972-07-11 06:06:16','1986-12-16 20:06:24'),(96,'consectetur','Repudiandae consequuntur dolore possimus veritatis id eveniet. Ut quia et voluptatem repudiandae placeat sed. Quo qui cumque vero exercitationem rerum architecto at sed. Atque placeat quis quibusdam magnam consequatur.','2010-04-25 17:20:50','1977-06-17 11:53:50'),(97,'nesciunt','Ut quia dolor provident temporibus incidunt dolores. Velit nesciunt vitae molestias omnis rerum sed blanditiis.','1980-11-23 13:54:57','2002-01-14 19:59:56'),(98,'adipisci','Cumque voluptas sapiente vitae et rerum occaecati ex. Consequatur deserunt velit cum. Laudantium aut sit ratione et voluptas. Odit quo sapiente non.','2015-10-01 19:22:15','2006-08-08 23:24:25'),(99,'rem','Ut et et itaque fuga. Optio unde excepturi sunt. Sint est odit tenetur est est ex beatae. Aut doloribus pariatur illo aspernatur aut.','2014-06-19 17:18:04','1989-05-10 06:52:16'),(100,'odit','Voluptatem iste aut rerum et. Dolor ea sapiente incidunt illum laborum enim molestiae. Quo unde autem numquam nihil et. Sit qui ut est consequatur.','1997-12-20 10:25:29','1998-08-03 17:11:18');
/*!40000 ALTER TABLE `characteristics` ENABLE KEYS */;
UNLOCK TABLES;

--
-- Table structure for table `characteristics_resource_types`
--

DROP TABLE IF EXISTS `characteristics_resource_types`;
/*!40101 SET @saved_cs_client     = @@character_set_client */;
/*!50503 SET character_set_client = utf8mb4 */;
CREATE TABLE `characteristics_resource_types` (
  `resource_type_id` int unsigned NOT NULL COMMENT 'Идентификатор типа ресурса',
  `characteristic_id` int unsigned NOT NULL COMMENT 'Идентификатор атрибута ресурса',
  PRIMARY KEY (`resource_type_id`,`characteristic_id`),
  KEY `characteristics_resource_types_characteristic_id_fk` (`characteristic_id`),
  CONSTRAINT `characteristics_resource_types_characteristic_id_fk` FOREIGN KEY (`characteristic_id`) REFERENCES `characteristics` (`id`) ON DELETE RESTRICT,
  CONSTRAINT `characteristics_resource_types_resource_type_id_fk` FOREIGN KEY (`resource_type_id`) REFERENCES `resource_types` (`id`) ON DELETE RESTRICT
) ENGINE=InnoDB DEFAULT CHARSET=utf8 COLLATE=utf8_unicode_ci COMMENT='Связи Атрибуты ресурса к Типу ресурса';
/*!40101 SET character_set_client = @saved_cs_client */;

--
-- Dumping data for table `characteristics_resource_types`
--

LOCK TABLES `characteristics_resource_types` WRITE;
/*!40000 ALTER TABLE `characteristics_resource_types` DISABLE KEYS */;
INSERT INTO `characteristics_resource_types` VALUES (101,1),(105,2),(109,3),(106,4),(103,5),(101,6),(102,7),(103,8),(104,9),(102,10),(109,11),(110,12),(102,13),(103,14),(109,15),(101,16),(107,17),(104,19),(105,20),(106,21),(109,22),(104,23),(105,24),(108,25),(108,26),(106,27),(107,28),(101,29),(106,30),(104,31),(102,32),(103,33),(108,34),(106,35),(101,36),(104,37),(101,38),(110,39),(101,40),(109,41),(109,42),(104,43),(109,44),(109,45),(104,46),(102,47),(106,48),(102,49),(101,50),(107,51),(105,52),(110,53),(107,54),(109,55),(104,56),(109,57),(101,58),(109,59),(103,60),(109,61),(106,62),(108,63),(102,64),(101,65),(102,66),(101,67),(107,68),(101,69),(105,70),(110,71),(104,72),(107,73),(103,74),(106,75),(104,76),(106,77),(107,78),(103,79),(105,80),(101,81),(108,82),(109,83),(101,84),(107,85),(105,86),(102,87),(104,88),(110,89),(101,90),(110,91),(108,92),(107,93),(108,94),(104,95),(107,96),(110,97),(108,98),(106,99),(107,100);
/*!40000 ALTER TABLE `characteristics_resource_types` ENABLE KEYS */;
UNLOCK TABLES;

--
-- Table structure for table `cities`
--

DROP TABLE IF EXISTS `cities`;
/*!40101 SET @saved_cs_client     = @@character_set_client */;
/*!50503 SET character_set_client = utf8mb4 */;
CREATE TABLE `cities` (
  `id` int unsigned NOT NULL AUTO_INCREMENT COMMENT 'Идентификатор строки',
  `name` varchar(100) CHARACTER SET utf8 COLLATE utf8_unicode_ci NOT NULL COMMENT 'Наименование города',
  `country_id` int unsigned NOT NULL COMMENT 'Идентификатор страны',
  `created_at` datetime DEFAULT CURRENT_TIMESTAMP COMMENT 'Время создания строки',
  `updated_at` datetime DEFAULT CURRENT_TIMESTAMP ON UPDATE CURRENT_TIMESTAMP COMMENT 'Время обновления строки',
  PRIMARY KEY (`id`),
  UNIQUE KEY `name` (`name`),
  KEY `cities_country_id_fk` (`country_id`),
  CONSTRAINT `cities_country_id_fk` FOREIGN KEY (`country_id`) REFERENCES `countries` (`id`) ON DELETE RESTRICT
) ENGINE=InnoDB AUTO_INCREMENT=101 DEFAULT CHARSET=utf8 COLLATE=utf8_unicode_ci COMMENT='Города';
/*!40101 SET character_set_client = @saved_cs_client */;

--
-- Dumping data for table `cities`
--

LOCK TABLES `cities` WRITE;
/*!40000 ALTER TABLE `cities` DISABLE KEYS */;
INSERT INTO `cities` VALUES (1,'New Ardellaland',9,'1972-08-03 04:14:26','1983-10-21 03:52:08'),(2,'Marcburgh',50,'1979-07-07 19:26:26','2010-09-10 21:48:39'),(3,'New Loyal',71,'1990-01-25 00:42:11','2009-03-20 15:33:16'),(4,'Windlerside',4,'1978-12-31 19:30:58','2006-12-20 04:06:50'),(5,'Friesenstad',4,'1975-07-29 02:20:30','2001-08-15 04:13:52'),(6,'Port Wilhelm',69,'1988-07-20 14:30:06','1983-05-08 07:05:41'),(7,'West Adriel',84,'1984-06-07 14:30:09','2014-01-30 08:57:03'),(8,'South Torranceton',23,'1978-06-05 11:31:41','1989-02-11 01:19:18'),(9,'New Kyleebury',74,'2010-07-21 12:52:18','2001-01-14 04:55:21'),(10,'Townetown',94,'2009-12-07 21:30:50','2009-11-21 07:04:19'),(11,'New Buford',38,'1984-07-11 04:38:41','1983-08-14 05:06:19'),(12,'Lake Rigobertochester',81,'2008-03-01 00:49:30','1986-03-01 17:54:57'),(13,'North Garfieldside',29,'1975-03-28 07:43:39','2002-07-09 13:59:31'),(14,'South Georgiannaview',91,'1991-07-05 13:26:04','1972-12-27 17:21:45'),(15,'South Leannemouth',98,'1994-02-21 01:39:01','1989-07-29 17:20:31'),(16,'Veumfurt',76,'2002-08-12 02:50:14','2010-05-22 11:51:23'),(17,'North Carson',81,'1986-04-30 18:07:06','2015-08-21 09:06:28'),(18,'New Adelbert',91,'1996-02-17 07:20:19','2014-11-26 20:48:20'),(19,'Casimertown',100,'1998-10-22 12:43:46','1973-03-03 15:41:21'),(20,'Port Adonis',85,'1993-06-08 22:36:52','1977-08-27 21:53:03'),(21,'North Alexandroborough',23,'1991-07-25 14:07:46','2007-03-29 18:32:20'),(22,'Millertown',17,'2001-11-17 11:34:32','2002-12-19 09:43:51'),(23,'South Jerodfort',17,'1998-03-05 22:47:37','1974-12-01 13:26:17'),(24,'Stokesshire',90,'2014-09-13 00:35:34','1988-12-31 10:22:22'),(25,'North Christinefort',92,'1989-08-18 09:38:53','2017-10-01 05:56:59'),(26,'Dibbertberg',73,'1977-01-30 23:08:46','2019-07-07 15:11:16'),(27,'Adeliashire',6,'1990-10-12 10:52:57','1981-10-09 15:58:52'),(28,'East Ollie',62,'1999-12-01 03:49:13','1978-10-01 05:36:47'),(29,'Lorahaven',63,'2008-08-03 11:41:55','2002-05-11 20:27:47'),(30,'South Ressieborough',79,'1982-09-07 20:54:43','2014-11-06 23:32:45'),(31,'South Lelaview',96,'1978-02-13 06:48:05','2010-01-31 09:22:50'),(32,'Lake Floyd',71,'2000-08-08 20:26:21','1972-11-15 17:53:39'),(33,'North Maximestad',29,'2009-02-05 03:58:34','1983-08-20 05:01:08'),(34,'O\'Keefeville',66,'1994-06-30 04:44:34','1983-05-17 19:44:14'),(35,'Alanisville',74,'2013-06-29 03:46:44','1980-02-27 04:57:19'),(36,'North Alyshaview',32,'1971-11-28 15:43:14','2013-10-02 16:56:42'),(37,'Hegmannfort',35,'1989-06-01 09:52:53','2004-06-15 14:19:11'),(38,'Willmsport',58,'2011-04-15 04:53:41','2015-12-16 08:32:55'),(39,'West Grace',54,'1977-10-28 14:35:42','1991-03-19 18:14:51'),(40,'Murrayberg',8,'2009-10-08 02:24:35','1988-07-28 15:14:05'),(41,'East Craigside',51,'1996-11-29 08:30:10','2001-04-12 03:18:41'),(42,'Agneston',92,'1999-08-29 04:43:30','1993-03-27 21:43:02'),(43,'West Gilberto',89,'2006-10-29 17:39:35','1990-03-11 06:35:27'),(44,'Rathmouth',80,'2012-12-12 23:19:55','1998-02-01 20:48:43'),(45,'Kuhlmanchester',82,'2017-06-17 06:53:32','2002-08-23 19:34:04'),(46,'Tillmanfort',86,'2019-03-13 01:38:33','2003-05-08 08:21:44'),(47,'Schinnerchester',56,'2007-02-24 08:35:30','2015-06-24 12:20:41'),(48,'Aaronmouth',63,'1994-07-07 04:29:22','2010-11-26 22:44:23'),(49,'Gusikowskiland',77,'1996-09-28 11:09:33','2008-07-31 12:49:06'),(50,'Haileyview',55,'1992-03-20 08:41:17','1982-05-05 21:06:19'),(51,'New Edgarmouth',47,'1973-04-17 18:48:17','1997-02-23 08:09:16'),(52,'Lake Jovanychester',100,'2005-01-27 20:36:41','1988-01-17 07:24:04'),(53,'Port Arjun',72,'1999-04-07 23:29:18','1992-10-24 06:02:47'),(54,'New Madisen',64,'1975-12-09 13:45:58','2013-12-18 09:20:04'),(55,'South Lazaro',89,'1993-01-23 22:00:05','1992-09-11 08:45:44'),(56,'West Tysontown',64,'1974-12-11 13:08:35','2001-02-18 15:10:56'),(57,'Port Albertoshire',36,'2001-12-20 19:26:15','2001-04-03 10:20:58'),(58,'New Laurel',94,'1988-07-26 12:20:40','1979-03-23 04:52:26'),(59,'Cassiechester',26,'2019-06-18 21:22:45','1984-10-04 03:37:36'),(60,'Lake Isaihaven',99,'2013-09-03 11:24:14','1987-06-27 13:28:41'),(61,'Oberbrunnerland',73,'2009-04-10 22:53:12','1986-07-27 01:46:31'),(62,'Marcosbury',21,'2016-02-22 10:14:40','2005-10-20 13:19:32'),(63,'North Altheaview',69,'1993-09-11 16:31:21','2011-04-18 13:48:41'),(64,'North Zoey',1,'1996-06-01 10:55:29','1979-08-16 07:58:36'),(65,'Port Bernice',87,'1980-08-05 12:34:57','1980-12-30 02:50:41'),(66,'Isadorechester',43,'2010-07-11 13:57:28','2003-06-28 12:43:36'),(67,'Port Rickyport',32,'1987-09-12 17:27:00','1981-06-20 17:06:53'),(68,'Auerborough',21,'1988-09-28 03:19:01','2019-10-11 03:58:56'),(69,'Noelview',100,'1988-05-28 02:14:49','2004-10-08 08:34:45'),(70,'Raynorburgh',86,'2017-02-12 05:50:28','2013-01-10 05:13:18'),(71,'Westburgh',29,'2005-06-11 15:14:34','2003-08-25 22:27:57'),(72,'West Lily',51,'1986-09-12 19:58:23','2019-07-08 23:54:23'),(73,'Lake Adrien',77,'2004-07-11 05:08:12','1988-10-06 20:29:03'),(74,'Daughertymouth',17,'2012-12-14 09:57:17','1989-02-25 18:23:11'),(75,'West Braedenbury',30,'1995-02-13 00:39:13','1996-08-18 09:31:12'),(76,'South Demarco',58,'1988-01-18 13:26:39','2002-10-09 22:51:55'),(77,'East Jamaalville',3,'2006-12-10 03:15:11','1981-09-04 07:22:39'),(78,'West Marielamouth',85,'1996-06-29 03:33:16','2004-01-17 08:46:10'),(79,'Lake Elaina',21,'2003-03-03 02:25:36','1981-07-10 20:01:01'),(80,'Maritzashire',79,'1981-11-07 04:01:51','1990-01-21 13:51:12'),(81,'Lexiestad',40,'2000-09-20 15:56:10','1985-02-10 05:55:48'),(82,'Dooleytown',67,'2017-03-23 23:44:42','1984-11-08 07:22:05'),(83,'Port Parkerview',78,'1984-06-12 14:22:44','1985-06-28 05:22:27'),(84,'South Devante',12,'1987-07-26 07:21:20','2012-09-11 17:19:29'),(85,'New Tatefort',31,'1983-04-21 06:56:33','1984-06-19 14:24:19'),(86,'Ellisberg',66,'2004-03-10 02:29:52','1997-09-03 07:48:50'),(87,'North Buddy',75,'1981-11-20 14:08:57','1976-05-30 23:43:59'),(88,'Watsicastad',67,'2012-09-17 15:39:53','1973-11-27 07:13:19'),(89,'Prosaccomouth',60,'2001-05-01 01:14:58','2017-11-30 09:38:15'),(90,'South Herminafurt',1,'1982-09-07 21:27:21','1982-04-14 14:04:45'),(91,'South Geraldhaven',65,'1974-04-01 05:36:30','2013-11-26 04:07:02'),(92,'Stewartmouth',33,'1975-08-06 12:08:42','1977-11-30 01:20:47'),(93,'Herthafurt',21,'1998-10-10 03:16:21','1997-03-24 18:27:11'),(94,'Lake Mackport',34,'2010-04-13 12:40:20','2018-02-26 06:45:58'),(95,'North Juanitabury',33,'1990-11-25 14:53:10','1986-11-13 14:18:42'),(96,'Clarissaberg',8,'1991-10-26 23:35:44','2001-06-20 01:56:41'),(97,'Jaydonport',76,'2007-07-25 05:41:24','1971-01-03 22:49:40'),(98,'North Frederique',65,'2003-12-11 21:06:40','1998-05-21 12:45:18'),(99,'East Eldridgeberg',28,'1970-06-18 13:27:27','1973-06-04 01:20:35'),(100,'New Cotyside',76,'1978-12-05 12:45:08','2002-11-13 08:12:37');
/*!40000 ALTER TABLE `cities` ENABLE KEYS */;
UNLOCK TABLES;

--
-- Table structure for table `countries`
--

DROP TABLE IF EXISTS `countries`;
/*!40101 SET @saved_cs_client     = @@character_set_client */;
/*!50503 SET character_set_client = utf8mb4 */;
CREATE TABLE `countries` (
  `id` int unsigned NOT NULL AUTO_INCREMENT COMMENT 'Идентификатор строки',
  `name` varchar(100) CHARACTER SET utf8 COLLATE utf8_unicode_ci NOT NULL COMMENT 'Название государства',
  `created_at` datetime DEFAULT CURRENT_TIMESTAMP COMMENT 'Время создания строки',
  `updated_at` datetime DEFAULT CURRENT_TIMESTAMP ON UPDATE CURRENT_TIMESTAMP COMMENT 'Время обновления строки',
  PRIMARY KEY (`id`),
  UNIQUE KEY `name` (`name`)
) ENGINE=InnoDB AUTO_INCREMENT=101 DEFAULT CHARSET=utf8 COLLATE=utf8_unicode_ci COMMENT='Страны';
/*!40101 SET character_set_client = @saved_cs_client */;

--
-- Dumping data for table `countries`
--

LOCK TABLES `countries` WRITE;
/*!40000 ALTER TABLE `countries` DISABLE KEYS */;
INSERT INTO `countries` VALUES (1,'Gambia','1994-07-14 01:28:29','2004-02-05 06:53:45'),(2,'Czech Republic','1976-11-08 16:43:31','1997-01-11 23:26:45'),(3,'Denmark','1996-02-21 10:45:16','1999-04-08 14:57:45'),(4,'Switzerland','1971-07-18 14:07:50','2001-01-26 23:32:38'),(5,'Slovenia','1972-08-10 09:52:33','2001-01-28 21:14:02'),(6,'Monaco','2013-10-14 20:55:24','2014-08-23 20:53:46'),(7,'Guinea','2015-02-05 02:46:22','1991-01-21 16:26:54'),(8,'Syrian Arab Republic','2009-03-23 21:22:38','2009-11-02 00:28:48'),(9,'Sudan','1974-01-26 23:42:12','2010-05-15 01:57:57'),(10,'Guernsey','1992-07-05 01:48:39','2012-04-21 13:35:03'),(11,'Chile','1976-07-30 09:50:21','1998-05-11 16:34:33'),(12,'Nicaragua','1985-10-22 19:29:29','1977-08-24 05:28:26'),(13,'Luxembourg','1976-05-13 12:36:28','1971-06-08 08:23:30'),(14,'Central African Republic','1970-05-13 00:50:57','2014-11-05 14:44:32'),(15,'Western Sahara','1986-03-11 07:53:10','1995-05-29 22:12:22'),(16,'Oman','2018-01-27 14:17:15','1990-06-17 03:19:18'),(17,'British Virgin Islands','1984-10-29 19:46:56','1979-07-24 18:12:07'),(18,'Liechtenstein','2010-06-22 12:55:59','1986-09-27 00:32:10'),(19,'Suriname','1977-03-14 01:34:13','2019-03-24 19:27:02'),(20,'Micronesia','2020-02-12 03:18:07','2009-03-13 09:02:48'),(21,'Andorra','1996-09-01 10:01:52','1979-04-21 20:02:50'),(22,'Canada','2014-06-22 10:34:26','1983-06-29 04:24:27'),(23,'Cuba','2005-01-27 21:25:45','2007-03-04 17:28:09'),(24,'Antigua and Barbuda','1988-07-07 19:06:42','1984-04-14 09:27:49'),(25,'Belgium','2002-04-17 02:51:56','2018-03-07 10:20:01'),(26,'Russian Federation','2020-07-30 13:28:50','2010-06-09 19:28:34'),(27,'Austria','2002-02-04 13:08:31','2018-02-18 21:44:25'),(28,'Haiti','1976-06-28 00:05:49','1998-06-04 05:37:36'),(29,'New Zealand','2004-04-04 13:06:59','1979-03-15 00:23:31'),(30,'Kiribati','1979-06-18 22:57:24','1993-01-26 02:01:15'),(31,'San Marino','1972-12-30 20:57:45','2014-07-17 17:03:38'),(32,'Azerbaijan','2013-12-04 11:57:41','2011-04-30 07:17:03'),(33,'Poland','2005-05-16 20:51:41','2007-06-13 14:27:04'),(34,'Philippines','2001-10-19 17:56:34','1996-12-25 22:39:43'),(35,'Senegal','1984-02-27 22:22:37','1971-05-04 00:19:36'),(36,'Namibia','1996-10-01 17:39:28','2008-05-06 09:23:30'),(37,'Ireland','2013-08-07 11:47:24','1974-10-16 00:53:57'),(38,'Qatar','1994-06-18 16:10:41','1979-06-17 19:20:43'),(39,'Netherlands','1978-02-02 07:49:37','1993-06-20 08:51:59'),(40,'Burundi','2018-12-03 22:15:52','2011-11-06 19:23:28'),(41,'Brunei Darussalam','1997-12-01 03:54:53','1982-09-20 14:25:13'),(42,'American Samoa','1970-10-27 06:58:56','2008-09-23 04:15:06'),(43,'Indonesia','2013-03-26 15:42:17','2016-12-09 18:24:06'),(44,'Turks and Caicos Islands','2009-01-12 08:34:27','1988-02-15 21:36:29'),(45,'Uruguay','2009-04-16 04:26:04','2012-11-11 17:48:09'),(46,'Egypt','1997-04-22 03:33:21','1977-12-07 08:53:34'),(47,'Guadeloupe','1974-01-23 15:07:37','1978-01-30 12:34:46'),(48,'Congo','2009-01-10 22:10:34','2016-02-05 08:39:01'),(49,'Kazakhstan','1985-08-29 12:07:33','1988-08-15 15:36:59'),(50,'Estonia','2014-01-10 21:50:01','1991-12-05 02:14:23'),(51,'Zambia','2003-07-31 16:06:07','2012-09-03 21:25:14'),(52,'Colombia','2010-06-01 06:26:27','2015-09-03 13:03:15'),(53,'Mozambique','2002-10-08 11:45:34','1992-08-08 18:54:12'),(54,'Ukraine','1989-06-22 12:05:55','1983-11-06 08:54:34'),(55,'Venezuela','1979-07-25 21:17:49','1972-01-18 06:22:05'),(56,'Botswana','1988-03-19 12:37:04','1989-11-06 14:54:43'),(57,'Mauritius','2017-05-29 16:28:13','1998-11-10 18:03:30'),(58,'Burkina Faso','1974-02-14 04:13:59','1993-07-08 13:10:28'),(59,'El Salvador','1979-11-29 20:59:04','1995-08-10 05:45:11'),(60,'Cyprus','2015-09-04 21:59:50','1981-01-19 01:03:12'),(61,'Mali','2002-04-30 11:44:46','2003-07-06 16:17:09'),(62,'Nauru','1999-11-21 03:28:51','2008-01-30 22:54:20'),(63,'Tokelau','2004-09-08 07:38:08','1974-09-09 13:33:45'),(64,'Hong Kong','1978-03-24 07:46:18','2010-02-19 05:38:35'),(65,'Moldova','1977-04-15 11:44:57','1995-07-14 01:23:37'),(66,'Guam','1977-02-03 04:15:46','1987-12-01 18:24:00'),(67,'Albania','1989-05-15 19:30:31','2003-10-04 22:49:54'),(68,'Spain','2003-10-07 06:00:58','1996-05-22 21:55:56'),(69,'Iceland','1993-10-05 17:56:24','1991-03-06 08:19:59'),(70,'Lesotho','2003-03-22 21:39:54','1973-09-29 01:36:33'),(71,'Sri Lanka','2008-11-30 02:09:04','1976-10-25 21:34:32'),(72,'Niue','2005-02-09 08:12:07','2014-12-26 00:02:55'),(73,'India','2018-01-12 18:08:18','1982-11-04 21:04:48'),(74,'Lithuania','2015-01-11 13:59:25','2003-12-13 18:42:49'),(75,'Swaziland','1971-08-18 06:53:35','1992-11-03 23:29:55'),(76,'Northern Mariana Islands','2009-05-12 01:16:01','2018-06-14 22:17:34'),(77,'Guinea-Bissau','2009-06-07 14:24:43','2005-05-14 15:49:07'),(78,'Barbados','2017-07-08 09:06:27','1976-09-16 22:59:17'),(79,'Wallis and Futuna','1993-11-10 14:46:45','2000-05-06 16:29:38'),(80,'Turkey','1987-09-07 18:22:43','1985-07-09 16:56:11'),(81,'Zimbabwe','1978-12-18 06:05:43','1983-03-01 14:38:16'),(82,'Lao People\'s Democratic Republic','1983-08-24 11:45:31','1980-12-28 09:05:32'),(83,'French Southern Territories','1995-11-18 07:57:48','1996-05-03 14:29:57'),(84,'Malaysia','1981-02-17 13:39:09','1974-01-28 17:15:14'),(85,'Norway','2014-12-25 19:55:52','2005-07-20 06:19:13'),(86,'Kuwait','1977-05-18 19:12:42','1982-03-07 18:10:20'),(87,'Mexico','1992-05-20 17:13:56','1994-03-06 02:17:19'),(88,'Greece','1984-03-17 19:02:19','1990-11-02 12:43:36'),(89,'Mongolia','2001-01-17 17:38:13','2000-11-14 04:26:28'),(90,'Singapore','2005-04-27 22:42:17','1992-10-26 07:47:13'),(91,'Belarus','1979-10-14 16:18:58','1985-04-06 03:05:11'),(92,'Sao Tome and Principe','2004-09-04 19:36:50','1991-07-14 06:48:03'),(93,'Saint Kitts and Nevis','1972-06-18 04:16:46','2007-08-20 14:21:15'),(94,'United Kingdom','2009-08-10 14:08:50','1977-10-31 10:23:14'),(95,'Bouvet Island (Bouvetoya)','1972-09-29 08:06:39','1982-03-15 18:15:17'),(96,'Cook Islands','2015-07-01 01:54:17','2003-09-05 09:05:03'),(97,'Italy','1977-06-18 13:08:35','2015-03-19 04:22:07'),(98,'Belize','1972-01-31 15:57:08','2014-11-24 19:51:27'),(99,'Ethiopia','1984-03-01 00:58:16','2000-05-18 06:42:25'),(100,'Maldives','2006-03-28 08:38:55','1997-11-06 23:51:23');
/*!40000 ALTER TABLE `countries` ENABLE KEYS */;
UNLOCK TABLES;

--
-- Table structure for table `logs`
--

DROP TABLE IF EXISTS `logs`;
/*!40101 SET @saved_cs_client     = @@character_set_client */;
/*!50503 SET character_set_client = utf8mb4 */;
CREATE TABLE `logs` (
  `id` int unsigned NOT NULL AUTO_INCREMENT COMMENT 'Идентификатор строки',
  `rent_queues_id` int unsigned NOT NULL COMMENT 'Идентификатор очереди',
  `user_id` int unsigned NOT NULL COMMENT 'Идентификатор пользователя',
  `resource_id` int unsigned NOT NULL COMMENT 'Идентификатор ресурса',
  `created_at` datetime DEFAULT CURRENT_TIMESTAMP COMMENT 'Время создания строки',
  `updated_at` datetime DEFAULT CURRENT_TIMESTAMP ON UPDATE CURRENT_TIMESTAMP COMMENT 'Время обновления строки',
  PRIMARY KEY (`id`)
) ENGINE=ARCHIVE AUTO_INCREMENT=2 DEFAULT CHARSET=utf8 COLLATE=utf8_unicode_ci;
/*!40101 SET character_set_client = @saved_cs_client */;

--
-- Dumping data for table `logs`
--

LOCK TABLES `logs` WRITE;
/*!40000 ALTER TABLE `logs` DISABLE KEYS */;
/*!40000 ALTER TABLE `logs` ENABLE KEYS */;
UNLOCK TABLES;

--
-- Table structure for table `pickup_point`
--

DROP TABLE IF EXISTS `pickup_point`;
/*!40101 SET @saved_cs_client     = @@character_set_client */;
/*!50503 SET character_set_client = utf8mb4 */;
CREATE TABLE `pickup_point` (
  `id` int unsigned NOT NULL AUTO_INCREMENT COMMENT 'Идентификатор строки',
  `name` varchar(100) CHARACTER SET utf8 COLLATE utf8_unicode_ci NOT NULL COMMENT 'Название пункта выдачи',
  `address` varchar(500) CHARACTER SET utf8 COLLATE utf8_unicode_ci NOT NULL COMMENT 'Адрес пункта выдачи',
  `created_at` datetime DEFAULT CURRENT_TIMESTAMP COMMENT 'Время создания строки',
  `updated_at` datetime DEFAULT CURRENT_TIMESTAMP ON UPDATE CURRENT_TIMESTAMP COMMENT 'Время обновления строки',
  PRIMARY KEY (`id`),
  UNIQUE KEY `name` (`name`)
) ENGINE=InnoDB AUTO_INCREMENT=102 DEFAULT CHARSET=utf8 COLLATE=utf8_unicode_ci COMMENT='Пункты выдачи';
/*!40101 SET character_set_client = @saved_cs_client */;

--
-- Dumping data for table `pickup_point`
--

LOCK TABLES `pickup_point` WRITE;
/*!40000 ALTER TABLE `pickup_point` DISABLE KEYS */;
INSERT INTO `pickup_point` VALUES (1,'Северный','г. Санкт-Петербург, парк \"Сосновка\"','2020-01-08 16:43:31','2020-01-08 16:43:31'),(2,'Южный','г. Санкт-Петербург, Московский проспект 100','2020-01-08 16:43:31','2020-01-08 16:43:31'),(3,'Западный','г. Санкт-Петербург, Васильевский остров ЛенЭКСПО павильон 3','2020-01-08 16:43:31','2020-01-08 16:43:31'),(4,'Swiden','ÖSTERMALMSTORG, 114 39 STOCKHOLM','2020-01-08 16:43:31','2020-01-08 16:43:31'),(5,'Центральный','191167, Санкт-Петербург площадь Александра Невского, 2-Д','2020-01-08 16:43:31','2020-10-02 00:01:10');
/*!40000 ALTER TABLE `pickup_point` ENABLE KEYS */;
UNLOCK TABLES;

--
-- Table structure for table `profiles`
--

DROP TABLE IF EXISTS `profiles`;
/*!40101 SET @saved_cs_client     = @@character_set_client */;
/*!50503 SET character_set_client = utf8mb4 */;
CREATE TABLE `profiles` (
  `user_id` int unsigned NOT NULL COMMENT 'Ссылка на пользователя',
  `gender` char(1) CHARACTER SET utf8 COLLATE utf8_unicode_ci NOT NULL COMMENT 'Пол',
  `birthday` date DEFAULT NULL COMMENT 'Дата рождения',
  `city_id` int unsigned DEFAULT NULL COMMENT 'Город проживания',
  `country_id` int unsigned DEFAULT NULL COMMENT 'Страна проживания',
  `created_at` datetime DEFAULT CURRENT_TIMESTAMP COMMENT 'Время создания строки',
  `updated_at` datetime DEFAULT CURRENT_TIMESTAMP ON UPDATE CURRENT_TIMESTAMP COMMENT 'Время обновления строки',
  PRIMARY KEY (`user_id`),
  KEY `profiles_country_id_fk` (`country_id`),
  KEY `profiles_city_id_fk` (`city_id`),
  CONSTRAINT `profiles_city_id_fk` FOREIGN KEY (`city_id`) REFERENCES `cities` (`id`) ON DELETE SET NULL,
  CONSTRAINT `profiles_country_id_fk` FOREIGN KEY (`country_id`) REFERENCES `countries` (`id`) ON DELETE SET NULL,
  CONSTRAINT `profiles_user_id_fk` FOREIGN KEY (`user_id`) REFERENCES `users` (`id`) ON DELETE RESTRICT
) ENGINE=InnoDB DEFAULT CHARSET=utf8 COLLATE=utf8_unicode_ci COMMENT='Профили';
/*!40101 SET character_set_client = @saved_cs_client */;

--
-- Dumping data for table `profiles`
--

LOCK TABLES `profiles` WRITE;
/*!40000 ALTER TABLE `profiles` DISABLE KEYS */;
INSERT INTO `profiles` VALUES (1,'M','2003-06-20',83,19,'2008-08-07 11:10:47','1975-09-18 13:47:03'),(2,'F','2011-11-20',78,78,'1974-05-13 05:33:32','1990-09-08 20:21:23'),(3,'F','2006-07-30',6,69,'1979-03-05 14:16:03','2010-09-29 05:07:04'),(4,'F','1996-02-12',21,24,'1981-02-15 16:46:56','2006-09-13 17:34:45'),(5,'M','1973-06-19',37,83,'2012-06-17 08:38:53','2007-09-27 17:20:41'),(6,'M','2013-04-16',24,11,'1974-06-28 06:34:47','1991-06-08 22:56:52'),(7,'M','2015-09-25',71,27,'1992-12-28 03:24:30','1993-08-08 08:45:06'),(8,'F','1989-02-05',58,2,'1989-07-26 10:45:29','1991-10-19 07:38:13'),(9,'F','2002-05-30',24,39,'1992-12-12 08:31:08','1980-05-27 05:47:19'),(10,'F','1994-08-14',13,67,'1974-05-19 05:11:02','2018-09-21 21:23:23'),(11,'F','2001-08-15',66,43,'2017-09-23 06:54:22','2016-11-29 23:12:28'),(12,'F','1992-08-21',97,42,'1973-10-09 16:16:11','1971-04-06 18:46:28'),(13,'M','1994-08-14',92,23,'1996-07-17 19:18:24','2015-12-17 18:41:01'),(14,'M','2003-08-07',76,60,'2003-07-17 07:33:16','1978-09-30 19:10:49'),(15,'F','2017-09-25',73,42,'2019-03-29 01:19:50','1992-09-11 22:34:41'),(16,'F','2000-09-22',57,74,'1979-12-19 06:32:49','1975-07-12 11:27:03'),(17,'F','1994-07-12',6,17,'1989-08-17 12:07:30','1984-11-19 10:14:57'),(18,'M','2005-12-01',67,66,'2007-06-26 23:34:38','1979-05-24 20:47:09'),(19,'F','2006-12-19',15,11,'1987-12-31 02:33:36','1990-06-03 04:25:35'),(20,'F','1997-09-27',7,23,'2006-06-17 00:49:14','1977-06-15 20:41:51'),(21,'M','1973-11-05',90,80,'1972-08-07 01:30:39','1996-03-13 05:10:08'),(22,'M','1981-12-17',46,60,'2020-06-19 12:33:30','2011-11-29 07:10:01'),(23,'M','2010-08-01',44,69,'2020-06-06 14:48:23','2012-04-19 06:09:46'),(24,'F','1994-11-03',74,58,'1975-11-22 02:01:56','2004-02-13 03:39:49'),(25,'F','2005-12-25',69,82,'2003-11-11 11:24:48','2007-08-02 06:59:06'),(26,'M','1978-09-06',50,31,'2005-02-09 06:41:21','2002-08-26 05:37:46'),(27,'M','1978-12-16',69,21,'2005-10-02 15:17:11','1994-05-15 16:54:24'),(28,'F','1983-10-09',49,75,'1972-10-19 17:33:22','1992-01-11 13:27:41'),(29,'F','1990-01-18',96,8,'1980-12-06 21:14:24','2017-03-12 21:37:30'),(30,'F','1997-11-06',99,8,'2010-10-03 13:57:21','1992-11-15 11:13:16'),(31,'F','2017-09-20',95,84,'1994-10-24 01:54:38','1995-07-09 05:04:49'),(32,'F','1997-02-19',84,55,'1982-12-11 07:24:44','2020-05-03 17:22:00'),(33,'F','1988-08-30',32,57,'1973-07-08 17:08:35','2001-05-30 09:14:07'),(34,'M','1978-05-21',21,43,'1980-12-08 13:20:18','1992-07-28 12:27:14'),(35,'F','1984-10-14',59,2,'1996-09-09 10:53:08','2012-03-27 11:39:55'),(36,'M','1975-12-02',74,34,'1973-05-30 02:38:32','2008-07-05 14:35:58'),(37,'F','1986-11-05',74,92,'1989-08-30 13:58:17','1990-10-04 08:11:16'),(38,'M','1972-06-04',82,61,'1996-11-16 08:36:24','1991-01-09 13:49:22'),(39,'F','1980-01-16',7,5,'1996-04-06 05:21:36','1985-10-03 18:38:09'),(40,'F','1971-11-06',99,39,'2016-11-09 15:32:35','1997-05-09 04:19:12'),(41,'F','1977-03-25',58,97,'1989-03-14 04:15:57','2003-07-03 07:25:03'),(42,'M','2008-04-03',95,46,'2014-03-08 01:08:23','1974-07-29 11:07:26'),(43,'M','1978-07-26',20,87,'2012-07-21 01:17:45','2019-01-23 02:56:33'),(44,'F','2004-06-08',87,91,'2007-02-19 13:55:47','2010-11-07 10:33:12'),(45,'F','2008-10-14',79,54,'2018-04-20 21:55:04','1987-04-24 10:29:20'),(46,'F','2006-02-21',61,13,'2016-01-14 03:57:36','1990-09-30 23:49:28'),(47,'M','1995-01-29',82,41,'1975-11-08 09:33:13','1997-05-18 11:06:50'),(48,'M','2011-06-28',51,82,'2013-10-16 09:51:02','1998-10-10 23:01:32'),(49,'M','1974-07-04',57,50,'2001-08-05 09:08:34','1972-05-21 02:36:36'),(50,'F','2003-01-30',42,18,'2019-11-01 14:34:28','2015-11-28 06:38:28'),(51,'M','2006-03-02',91,16,'2014-03-18 11:26:04','2017-06-11 11:43:01'),(52,'M','1994-07-19',96,81,'1981-10-10 13:53:13','1979-03-20 03:39:45'),(53,'F','1999-10-25',30,51,'1989-04-06 14:41:53','2003-07-19 07:01:40'),(54,'F','2015-09-23',59,33,'1985-06-19 00:37:29','1999-02-27 23:30:28'),(55,'F','1989-02-18',76,36,'2010-12-25 13:29:07','1978-04-20 11:35:03'),(56,'F','1992-08-08',60,55,'2001-07-09 01:17:01','1990-01-13 00:47:52'),(57,'M','2006-09-19',46,40,'1972-09-09 17:19:37','2002-10-20 22:28:56'),(58,'M','1971-12-10',57,59,'2001-01-20 20:27:26','2007-03-25 14:46:12'),(59,'M','1973-07-27',57,14,'1970-02-03 18:24:09','2004-10-23 01:49:35'),(60,'M','1975-08-10',66,84,'1994-03-03 10:19:02','1981-03-15 01:29:27'),(61,'M','1986-12-19',17,17,'1994-01-30 11:05:04','1983-03-13 11:54:19'),(62,'M','1991-10-15',88,97,'2019-01-28 08:35:18','1971-12-13 08:59:03'),(63,'M','2010-07-26',13,27,'2004-04-19 06:13:46','2019-08-15 12:53:04'),(64,'F','1987-04-26',74,90,'1977-01-27 09:17:45','1979-11-23 05:47:12'),(65,'F','1991-05-06',88,97,'2019-12-14 19:24:55','1985-12-29 21:41:30'),(66,'M','2008-07-20',21,92,'2001-07-19 12:20:46','1984-12-05 19:39:05'),(67,'M','1985-11-06',25,32,'2015-01-12 13:21:12','1995-02-15 05:10:49'),(68,'F','2001-05-21',100,8,'1991-04-07 22:16:21','2001-11-24 11:12:43'),(69,'F','2000-01-13',23,53,'2011-02-21 05:40:37','1975-09-19 16:20:34'),(70,'M','2017-09-16',77,97,'2011-04-14 21:21:54','1981-10-20 19:22:49'),(71,'M','1992-09-05',37,49,'1973-04-02 04:08:04','2012-12-16 05:34:06'),(72,'M','2011-01-16',82,36,'1992-09-24 07:11:52','1983-02-22 12:30:20'),(73,'M','1994-04-04',6,71,'1992-05-30 04:30:49','2010-08-23 11:20:12'),(74,'F','1979-01-18',68,29,'2006-11-09 09:54:28','2003-10-05 13:38:53'),(75,'M','1989-02-11',24,31,'2004-11-08 00:19:53','2004-06-01 00:44:39'),(76,'M','2010-09-11',41,37,'2002-06-24 05:45:13','1998-06-14 07:13:35'),(77,'F','1986-01-29',4,55,'2013-08-23 03:20:40','1988-07-22 15:43:11'),(78,'F','1989-01-19',99,72,'1975-07-06 09:49:06','1992-01-24 02:41:26'),(79,'F','1973-10-18',74,37,'2011-08-04 07:16:47','2001-09-14 06:29:17'),(80,'M','2003-11-02',27,40,'1979-02-09 11:46:01','1975-01-19 20:17:17'),(81,'F','1976-09-10',72,37,'2011-11-01 01:57:01','2017-05-16 12:01:43'),(82,'M','2002-01-17',17,26,'1970-07-04 08:01:05','1988-03-03 18:26:06'),(83,'M','2013-12-21',70,99,'2020-03-20 15:14:26','2018-09-20 01:51:14'),(84,'F','1988-04-26',100,72,'1989-01-31 04:03:45','1996-12-05 17:03:31'),(85,'F','1970-06-01',37,71,'1997-03-04 12:25:33','2004-12-12 04:13:41'),(86,'F','2012-11-13',83,46,'1989-07-19 17:42:24','2018-08-09 16:29:58'),(87,'M','1993-12-25',45,6,'1984-12-04 11:19:12','2005-04-15 09:38:57'),(88,'M','1984-09-12',34,8,'2019-02-13 08:30:32','1977-06-13 03:15:34'),(89,'F','1991-11-17',40,84,'2007-10-14 02:02:11','2006-11-22 07:33:26'),(90,'M','2006-12-09',91,88,'2009-03-16 10:29:18','2001-03-02 05:36:20'),(91,'F','1974-08-04',52,51,'2009-07-01 00:30:33','1974-02-28 21:18:47'),(92,'M','2004-03-20',1,96,'1980-02-26 14:05:50','1997-05-21 21:16:43'),(93,'F','1978-11-01',1,33,'2006-08-22 19:42:57','1978-07-24 04:50:18'),(94,'F','2006-06-29',25,5,'1977-08-09 19:05:41','1978-11-26 15:53:28'),(95,'M','2017-03-15',23,84,'2011-08-06 00:40:22','1993-08-03 13:36:55'),(96,'M','1990-07-27',26,22,'2001-05-06 12:48:03','1998-11-10 13:39:06'),(97,'M','2008-10-05',69,13,'1971-08-07 22:05:02','2005-06-21 07:44:04'),(98,'M','1977-10-07',17,35,'2003-07-24 23:51:34','2015-08-19 22:38:20'),(99,'M','1990-01-18',12,56,'2004-09-24 02:45:26','1987-07-20 04:33:47'),(100,'M','1983-12-07',49,63,'1989-02-21 21:15:30','1994-08-18 18:48:33');
/*!40000 ALTER TABLE `profiles` ENABLE KEYS */;
UNLOCK TABLES;

--
-- Table structure for table `rent_queues`
--

DROP TABLE IF EXISTS `rent_queues`;
/*!40101 SET @saved_cs_client     = @@character_set_client */;
/*!50503 SET character_set_client = utf8mb4 */;
CREATE TABLE `rent_queues` (
  `id` int unsigned NOT NULL AUTO_INCREMENT COMMENT 'Идентификатор строки',
  `user_id` int unsigned NOT NULL COMMENT 'Идентификатор пользователя',
  `resource_id` int unsigned NOT NULL COMMENT 'Идентификатор ресурса',
  `starts_at` datetime DEFAULT CURRENT_TIMESTAMP COMMENT 'Время начало аренды',
  `ends_at` datetime DEFAULT CURRENT_TIMESTAMP COMMENT 'Время окончания аренды',
  `description` varchar(500) CHARACTER SET utf8 COLLATE utf8_unicode_ci DEFAULT NULL COMMENT 'Описание',
  `created_at` datetime DEFAULT CURRENT_TIMESTAMP COMMENT 'Время создания строки',
  `updated_at` datetime DEFAULT CURRENT_TIMESTAMP ON UPDATE CURRENT_TIMESTAMP COMMENT 'Время обновления строки',
  PRIMARY KEY (`id`),
  KEY `rent_queues_resource_id_fk` (`resource_id`),
  KEY `idx_rent_queues_user_id_resource_id` (`user_id`,`resource_id`),
  CONSTRAINT `rent_queues_resource_id_fk` FOREIGN KEY (`resource_id`) REFERENCES `resources` (`id`) ON DELETE RESTRICT,
  CONSTRAINT `rent_queues_user_id_fk` FOREIGN KEY (`user_id`) REFERENCES `users` (`id`) ON DELETE RESTRICT
) ENGINE=InnoDB AUTO_INCREMENT=101 DEFAULT CHARSET=utf8 COLLATE=utf8_unicode_ci COMMENT='Очереди на аренду';
/*!40101 SET character_set_client = @saved_cs_client */;

--
-- Dumping data for table `rent_queues`
--

LOCK TABLES `rent_queues` WRITE;
/*!40000 ALTER TABLE `rent_queues` DISABLE KEYS */;
INSERT INTO `rent_queues` VALUES (1,52,35,'1982-04-30 10:50:18','2010-12-11 03:23:06','Qui nesciunt corporis similique deleniti fugiat et expedita. Aut quasi omnis molestiae.','1990-06-01 10:04:08','2004-08-13 14:25:55'),(2,71,85,'2011-01-15 09:51:46','1973-05-16 12:11:26','At ullam eos aliquid labore. Eligendi eum omnis nisi itaque laudantium cum deserunt accusantium. Rerum eum quam perferendis necessitatibus quae.','1985-10-26 04:55:07','2017-07-29 16:36:39'),(3,62,71,'1985-12-13 01:53:01','1975-06-13 04:02:42','Illo dicta inventore ab quasi dolorum. Magnam aut error asperiores autem ducimus facilis. Officiis corrupti nisi qui. Laudantium ab ea nobis labore ipsa. Adipisci tenetur voluptatibus et officiis earum a alias.','2016-01-20 17:19:06','2017-11-24 20:13:16'),(4,4,70,'1970-03-23 01:00:11','2003-06-04 06:50:02','Repellendus est quae quis quam. Sequi est nesciunt a repellendus quaerat voluptate reprehenderit. Sit excepturi aut qui nemo dolor.','1981-08-15 03:49:56','2007-12-04 11:25:06'),(5,65,85,'2009-05-28 22:56:06','2004-10-19 05:54:45','Voluptatem voluptatem libero repudiandae ipsum pariatur. Sit neque consequuntur et et. Saepe veritatis praesentium sit et omnis.','1972-01-25 18:35:44','1998-11-27 23:02:39'),(6,41,21,'2017-10-09 20:18:04','1974-12-12 02:49:51','Est facere ut rerum culpa cupiditate. Odio fugiat doloribus et pariatur. Est laborum quod rem quo doloribus molestiae quidem est.','1971-04-02 15:49:57','1991-09-17 09:28:25'),(7,52,22,'1972-12-24 23:04:35','2000-02-13 19:29:43','Maxime consequatur ut necessitatibus. Explicabo vero quia aut quo. Maiores qui reprehenderit facilis quia.','2004-01-23 10:00:48','2015-05-29 09:12:22'),(8,39,90,'2010-01-31 16:15:48','1998-01-29 16:45:04','Non similique odit illo minus tempora est provident. Quibusdam aut ea iusto vel doloremque earum id. Aut quisquam sapiente et hic id. Omnis id et voluptas.','2013-11-20 02:27:42','1972-08-04 10:34:57'),(9,93,59,'1979-10-30 11:09:20','2016-08-29 23:23:02','Voluptatem ipsum et itaque impedit dolore illo repudiandae. Dolorem iusto ipsam quia. Eos et ut rem.','1971-07-23 11:12:58','2012-08-20 07:45:35'),(10,8,35,'2010-09-30 21:21:58','1976-11-20 19:47:40','Autem magni quas earum sunt. In quo est et beatae delectus libero veritatis. Ratione voluptatem nesciunt est dolor ullam. Ullam consequuntur sunt in aut saepe ut.','1983-12-04 17:16:21','2003-05-12 22:30:48'),(11,10,22,'2008-10-09 09:09:31','1997-05-08 22:47:22','Qui repudiandae voluptatem explicabo a qui minus illo. Mollitia molestiae aut in. Eaque minima odio optio officiis non.','2008-04-27 08:41:09','2002-04-15 00:04:12'),(12,82,14,'2015-02-10 12:20:33','2016-01-23 12:30:16','Facilis quis error placeat numquam ut error. Aut ullam possimus neque neque quod ut saepe. Suscipit vero sed provident ullam qui ullam magnam.','2013-01-21 21:30:25','1995-07-16 00:04:04'),(13,68,68,'1978-07-07 10:58:43','1980-05-06 12:38:15','Voluptatem nulla aperiam tempore deleniti odio maxime sint distinctio. Cumque porro dolorem quas. Ducimus aliquid deleniti et ipsa. Consequatur omnis excepturi eos reiciendis.','1993-10-15 18:53:12','1990-06-24 09:06:17'),(14,17,58,'1996-10-08 20:12:26','1998-04-05 20:17:45','Et consequatur id ut in eius qui. Voluptatem molestias sit suscipit voluptas. Amet ut quos incidunt laboriosam labore rerum. Quam sint nostrum veritatis facilis quis sit minima laboriosam. Maiores laborum atque dolorem dolorem.','1976-03-18 07:18:11','2007-09-13 13:51:04'),(15,57,70,'2015-05-29 17:45:57','2007-08-08 20:01:28','Et consequuntur dignissimos excepturi quisquam beatae veritatis placeat. Maxime sint est in repellat officiis quis quod. Consequatur molestiae facere earum id.','1992-02-28 10:22:08','2013-11-26 13:41:01'),(16,83,44,'1986-05-29 14:35:03','1976-10-07 17:46:52','Sapiente illo exercitationem ut qui. Eum sint cum ut adipisci est ea et. Nemo officia vel placeat voluptatem ratione aperiam odio.','2020-01-17 09:42:58','2017-05-28 04:00:33'),(17,17,30,'1981-02-19 10:14:09','2015-01-23 10:02:30','Earum modi explicabo commodi praesentium. Doloribus necessitatibus a porro et amet dicta. Ab et omnis iure iste. Harum sunt voluptatem porro aspernatur quo harum cum.','2016-07-06 20:18:15','2014-06-22 03:26:40'),(18,37,65,'1985-05-24 23:05:56','1997-06-11 13:07:52','Sed eaque laboriosam voluptatum esse nostrum modi tempora. Quasi aliquam aliquid voluptatibus ducimus voluptatem quae. Est illum occaecati labore voluptatem. Quibusdam est quam necessitatibus sit reiciendis vero quisquam.','1998-04-12 07:51:46','1972-01-18 14:14:08'),(19,6,32,'1971-09-04 02:06:38','2004-10-15 07:27:09','Ut quia aspernatur similique et. Et voluptas eum quae qui. Expedita voluptas soluta ea vero et reiciendis fugiat. Totam pariatur sed molestiae voluptatem sunt distinctio.','1973-12-08 22:16:46','2003-12-31 13:32:26'),(20,21,21,'1989-10-04 09:38:13','1985-05-31 08:03:39','Eaque recusandae officiis ex aperiam. Voluptas velit magnam non unde voluptatem nobis. Maiores ratione ducimus at quae. Iusto ea libero maxime quo.','1982-10-20 15:51:03','1990-04-15 16:13:31'),(21,2,23,'1988-01-03 12:20:21','2016-04-11 12:43:11','Sequi sit voluptates earum ut doloremque. Ut ducimus tenetur facere nemo. Laboriosam et voluptas iusto dolorum sed autem incidunt. Et aliquid consectetur dolore. Inventore voluptatem vel aut corrupti quo est.','2018-01-21 13:17:10','1982-04-06 01:36:50'),(22,23,19,'2007-12-19 13:11:28','1987-10-31 03:34:21','Facere cumque aliquid et doloribus ut nulla temporibus. Et inventore assumenda quam expedita fugit excepturi. Minus sit voluptas praesentium. Eum sequi qui doloremque minima veniam. Maxime modi error debitis.','1987-12-27 02:14:10','2019-07-04 16:40:37'),(23,69,5,'1982-06-27 20:59:28','1979-07-01 10:22:35','Exercitationem iure aut fugiat adipisci possimus consequatur et. Sit eius magni nostrum natus alias laboriosam earum. Eveniet quia consequatur sed deleniti. Et aut qui quo deserunt fuga est.','1976-11-06 13:36:54','1997-07-19 06:26:12'),(24,14,72,'2010-03-27 11:34:24','2011-01-21 16:51:26','Sapiente illo nemo numquam aliquid itaque. Enim veniam id ea aut ut. Atque sit quas praesentium quis sed. Et aliquid ipsam error sed voluptatem tenetur.','2016-12-23 01:49:42','2011-10-09 15:11:12'),(25,70,95,'1974-03-25 06:02:38','1997-02-19 09:15:38','Commodi vel et id placeat voluptates et corrupti. Officia debitis fugit quisquam non ut. Accusantium totam itaque numquam similique nobis et sit neque. Ipsa et dolorem explicabo sed debitis ea debitis esse. Maxime et molestiae voluptas minima voluptas voluptates.','1990-09-19 10:43:45','1994-07-03 17:27:40'),(26,18,92,'2000-10-03 11:24:16','1977-04-09 03:30:06','Temporibus sed omnis velit sunt. Aut et doloremque autem excepturi dolore aspernatur consectetur. Vitae nisi at quo consequatur sint.','1976-06-16 14:01:22','1997-08-05 04:28:56'),(27,43,59,'1981-11-23 17:29:18','2014-10-09 01:54:55','Consectetur neque nihil reiciendis vel non qui perspiciatis. Vel et culpa eum. Officia et omnis et aut quia. Voluptatem rerum tempore fuga aut veniam labore.','1993-03-24 02:21:52','2014-10-02 19:28:15'),(28,40,97,'1983-04-28 00:28:43','1996-10-09 20:56:41','Itaque rem voluptatem ut ipsum. Aliquam est esse impedit. Earum est incidunt aliquid omnis. Veniam sit odit laudantium voluptate praesentium.','1988-12-17 09:17:54','1992-03-03 08:09:57'),(29,19,93,'1996-09-24 22:33:06','1987-07-10 19:18:42','Voluptas omnis et sequi dicta. Dolorem at nam aut est aut. Quia quisquam sequi sapiente provident eum velit occaecati. Qui facilis earum tempore enim quibusdam doloribus.','1974-06-30 03:32:28','2007-09-03 12:38:59'),(30,97,47,'1978-08-30 15:12:31','1970-10-12 04:16:05','Dolorem qui voluptatum qui eum. Quas debitis error voluptatem laudantium. Odio vel nulla laborum rem itaque. Est tempore rem debitis animi ut dolor.','1995-09-30 08:17:18','2004-08-02 04:40:30'),(31,96,7,'1996-06-26 16:22:39','1992-02-26 04:42:23','Amet beatae quod officiis quidem vel. Tempora inventore dolorem deleniti qui ad molestias earum. Consequatur libero fugiat error inventore tempore enim commodi repellendus. Voluptatem nisi perspiciatis corrupti facere quo pariatur soluta.','2012-08-28 22:23:00','1988-07-05 22:22:27'),(32,77,47,'1979-08-13 20:56:14','2017-11-07 17:42:57','Quis fugit qui quo ut ut. Ab eveniet rerum soluta asperiores qui maxime. Aut quo accusamus qui ad blanditiis.','2017-09-29 18:34:53','2018-05-05 00:35:07'),(33,8,72,'2011-11-13 19:33:49','2002-09-25 21:58:30','In molestiae aliquam et fuga molestiae. A dignissimos nulla ipsa et. Aperiam officiis culpa sint cum eum.','2012-12-24 13:32:33','2016-09-08 11:31:13'),(34,42,92,'2010-05-11 18:24:22','2011-02-08 22:25:12','Minus qui quo libero nihil soluta asperiores molestiae ullam. Reiciendis expedita et quis nihil perferendis velit. Voluptas quis harum corporis quae cupiditate non.','1998-08-17 15:19:06','2015-01-14 15:33:45'),(35,40,65,'1989-06-13 20:40:01','1992-05-10 12:11:22','Alias repudiandae ut aut est iure consequatur dolorem. Quia qui consequatur vel fugiat fugiat. Quas labore dolores qui aut ut.','2004-12-03 09:41:21','1975-05-12 12:08:13'),(36,90,65,'2001-08-09 06:48:17','1976-03-16 05:17:29','Magnam sed ipsa minima voluptatem soluta. Et officiis facere ut. Illo enim molestiae laborum occaecati reprehenderit commodi consequuntur sunt. Officiis repellat sapiente quis consequatur.','1995-03-23 22:02:02','1998-04-20 11:16:11'),(37,3,70,'1986-04-08 15:51:54','1973-04-10 02:40:12','Et cum enim corrupti culpa rerum quia. Est at cumque dolorum earum perferendis suscipit. Aut perspiciatis consequatur dolor libero incidunt ipsa cumque.','1990-07-28 10:07:30','1998-06-03 12:46:40'),(38,87,50,'1974-03-27 07:52:16','2008-03-28 13:41:52','Voluptate consequatur est nobis. Sed provident voluptatem nulla eaque temporibus. Suscipit tempora recusandae illo earum eos quis aliquam.','1998-05-10 20:25:12','2005-06-23 05:44:38'),(39,67,74,'2004-02-27 01:14:13','1987-08-02 09:10:52','Excepturi et officia in velit culpa quam quia. Est ipsam iusto harum voluptate iusto aut. Voluptas ipsam sed voluptas labore eos consectetur. Suscipit minus voluptate voluptas earum et placeat quo.','2011-07-08 23:53:38','1981-07-11 14:32:36'),(40,98,96,'1999-01-30 17:41:52','2018-10-03 19:48:32','Aut quasi ipsum a quaerat quia. Aut velit quae et odit id ea. Minus ullam ut itaque.','1980-03-21 09:46:02','1985-06-17 13:23:09'),(41,63,71,'1988-06-12 15:56:26','1995-09-14 13:14:52','Dolor et et ut. At praesentium quod ab. Iste nihil non ab omnis. Quia tempore quia quos tenetur aperiam odit.','1978-02-17 16:27:03','2017-08-11 18:55:21'),(42,99,70,'1989-05-16 23:32:14','2001-07-20 01:32:41','Qui dolores doloremque minima vero vel voluptatibus. Nemo cum voluptas qui debitis. Itaque quis accusamus ex voluptatem.','1994-09-29 06:38:06','1975-03-18 15:16:01'),(43,16,19,'2019-11-28 01:51:34','1990-11-08 18:24:01','Laborum minus cumque voluptas debitis omnis. Error cumque autem quas quasi qui. Corrupti fugit suscipit odit adipisci labore. Quibusdam maxime occaecati explicabo voluptatibus animi deserunt.','2005-08-24 09:44:41','2006-01-04 13:31:19'),(44,5,26,'1977-12-05 20:32:15','2008-08-24 10:17:52','Quo voluptatum eum dolor est consequuntur. Vel qui consequatur impedit consequuntur nihil velit rerum. Maiores deserunt quo adipisci qui cumque. Eos numquam pariatur impedit.','1973-11-02 03:33:14','1974-12-16 10:09:39'),(45,75,30,'2004-03-21 05:15:58','1997-02-05 13:46:15','In ipsa velit nihil perferendis sapiente at provident est. Suscipit nesciunt saepe soluta vero occaecati rem. Quo error cupiditate enim ea. Explicabo iure nisi velit amet error eum vel. Praesentium voluptatibus porro alias est.','1995-08-23 08:21:11','1979-01-24 22:14:30'),(46,35,31,'1999-05-11 10:10:40','2005-01-31 17:29:50','Ipsum rerum magnam adipisci doloribus. Est aspernatur facere commodi similique cupiditate sit. Fuga rem voluptas et optio. Est voluptas perferendis voluptatem.','2011-10-23 17:52:55','2004-09-06 20:27:08'),(47,17,85,'2004-01-06 21:42:46','1984-04-06 23:57:54','Veritatis sequi a nihil dolor dolores. Laboriosam aliquid numquam aut ex aut. At qui necessitatibus officia consectetur.','1997-03-18 21:39:35','1999-09-02 06:55:06'),(48,80,90,'1982-06-04 15:07:02','1975-08-11 06:54:02','Tenetur est dolor optio voluptas. Eaque sint doloribus quibusdam sed non beatae. Cupiditate libero cum consequuntur voluptates.','2017-08-26 15:53:46','2000-06-17 02:06:27'),(49,82,1,'2012-02-05 14:55:13','1989-08-13 01:32:04','Omnis tempore aspernatur est numquam itaque amet autem. Rem atque vero maiores aut incidunt nostrum rerum. Ad et quod quae perferendis deserunt veniam reiciendis exercitationem. Sit natus dolor magni consequuntur.','2002-10-30 08:51:32','1998-08-22 08:58:14'),(50,97,33,'2010-08-25 06:22:43','2003-03-24 20:27:30','Facere facilis autem est saepe ratione rerum. Dolore praesentium voluptatem adipisci suscipit quia illum omnis. Commodi est molestias est atque et est accusantium. Facere minus et quia et expedita est nihil quibusdam.','2008-08-04 17:02:22','2005-12-23 00:39:15'),(51,84,38,'2015-11-20 03:57:39','1982-08-03 12:49:25','Odit ipsa vero est reiciendis aut. Cumque recusandae voluptates qui tempore. Aliquam fuga nihil aspernatur et.','1971-04-16 14:00:41','2005-10-22 16:20:12'),(52,43,89,'2016-06-21 01:57:40','2020-05-12 17:38:18','Sit dicta illum et recusandae porro vel perspiciatis. Officia quasi et omnis sed odit enim magnam est. Libero modi omnis et fugiat. Neque rerum corrupti et nulla possimus sunt doloremque.','2018-09-22 07:00:36','1977-09-30 12:19:02'),(53,82,25,'1997-08-07 10:26:27','2003-07-20 21:08:19','Itaque quo placeat maiores exercitationem aut. Numquam ut earum vero eaque voluptas qui. Veniam est non ducimus et nihil ducimus excepturi.','1980-06-19 11:15:52','1981-02-22 12:17:57'),(54,32,80,'1998-06-21 06:40:18','1976-04-04 06:55:08','Molestiae molestiae voluptatem mollitia ut unde aut et repellendus. Qui libero vel quia deserunt labore adipisci. Qui quod quo quis ea voluptates explicabo.','1981-07-25 07:33:22','2014-02-04 20:52:34'),(55,58,52,'2014-06-20 15:52:40','2019-01-30 07:34:22','Consequatur molestias exercitationem consequatur minus nam omnis magni. A sint facere nihil voluptas.','1985-12-01 18:04:10','1997-10-07 11:17:29'),(56,78,89,'1992-04-10 11:19:06','1993-01-08 03:44:52','Aut et laudantium maxime est in. Non dicta consequatur delectus laboriosam et maxime. Atque nihil impedit aut sapiente aliquam qui.','1990-09-12 19:20:33','2019-09-08 17:07:54'),(57,31,59,'1990-04-12 09:41:00','1990-07-12 08:20:46','In voluptates magni in qui molestiae alias dicta consequatur. Dicta recusandae quas eum error tempora qui. Voluptatem et est qui illum.','1994-12-24 17:09:14','1985-10-03 11:46:59'),(58,90,93,'2014-10-19 03:05:09','2000-09-25 02:58:59','Recusandae tenetur voluptatem consequatur quos sunt. Est nisi debitis nobis ipsam. Qui inventore cumque magnam cum ex velit asperiores. Sed voluptas itaque unde non eum sed id.','1981-10-11 15:05:38','1992-07-04 23:58:07'),(59,74,7,'1994-01-16 05:19:10','1987-12-27 09:34:01','Delectus inventore aut sit perspiciatis. Rerum hic debitis eveniet perspiciatis ipsa. Ipsa a doloremque harum assumenda.','2016-01-27 12:42:08','2016-02-21 02:05:54'),(60,25,66,'2006-10-19 01:06:12','2009-06-17 08:33:38','Distinctio alias iusto eum eaque esse omnis cum. Et nemo aperiam possimus autem. Odit nisi at quasi sed dolore aliquam nulla. Sed quo dicta dolorum et doloribus consequatur voluptatibus. Voluptatem et tempora id saepe id tenetur accusamus.','1972-06-29 17:38:30','1979-05-01 23:19:49'),(61,75,86,'1970-06-25 22:49:07','1995-11-15 19:18:10','Modi eos optio aliquid eveniet maiores rem ut. Cumque maiores sunt ea totam esse laudantium enim. Alias ea rem alias sequi omnis. Quaerat reprehenderit consequatur quia sed odit.','1977-05-07 00:57:24','1996-09-24 06:47:15'),(62,85,40,'2007-03-26 21:27:09','1997-08-25 01:06:03','Officia neque quos accusamus placeat minus. Voluptatem a consequatur voluptas voluptatibus sit ea. Eaque et placeat vel aliquam nam rerum fuga.','1986-12-21 17:47:18','2013-06-17 04:44:32'),(63,92,53,'2002-04-07 14:38:39','2016-08-15 12:55:26','Autem debitis nostrum aut eum. Sed fuga ut deleniti eius quae iusto.','2017-05-17 11:34:02','1997-10-11 04:36:04'),(64,10,94,'1978-05-14 12:46:36','2019-07-02 13:06:47','Sunt sit eaque aliquid. Et eum consequatur dolor aliquid quod error. Illum quidem a quo itaque non nihil. Et a debitis officia quo.','2019-11-22 10:43:46','1977-10-28 22:12:02'),(65,63,5,'1992-11-25 14:11:31','1991-10-14 10:19:33','Eaque ullam magni sequi. Occaecati eius omnis rem. Et error ut rem. Nemo totam nisi consequatur totam est.','1991-01-30 20:59:40','1976-12-07 03:28:00'),(66,14,35,'2017-08-06 18:03:56','2007-02-02 08:44:40','Aut sint sunt at reiciendis vel. Nam assumenda nemo dolor ea et. Occaecati deleniti ut quo consequuntur iusto quia. Architecto ut ea debitis assumenda ea architecto.','2010-09-11 00:51:27','2012-09-30 17:24:25'),(67,35,42,'1975-06-19 22:53:45','1992-12-18 08:11:05','Temporibus aperiam nam aut debitis id eius. Velit tempore eveniet molestias labore ad eum architecto.','1978-09-13 09:42:05','1987-11-07 09:39:20'),(68,91,34,'2015-07-18 08:32:09','2018-12-27 13:43:22','Sunt earum at quia molestias quia eos possimus. Qui ut et id. Quo itaque tenetur est ut quasi dolorem.','2014-01-15 12:48:14','2002-01-31 01:10:02'),(69,5,11,'1972-09-04 19:23:52','1977-01-16 09:01:28','Incidunt voluptas aut tempore voluptatem. Minima nihil laudantium explicabo modi consequatur vitae. Ullam inventore autem doloremque labore dolor mollitia. Perferendis voluptatem amet dolor tempora.','1987-11-30 06:03:24','2016-01-19 23:22:19'),(70,47,9,'2002-05-29 00:12:41','2009-05-10 06:49:24','Voluptas dignissimos aut alias aspernatur quibusdam. Qui aut ut et in veniam. Corporis tenetur dolor et cum ut ut dolorem sequi.','2001-06-16 20:54:05','2009-02-14 21:04:42'),(71,81,83,'1975-12-01 02:09:49','1991-03-26 07:50:36','Vel blanditiis odit enim mollitia qui. Soluta sunt ipsam quas architecto alias. Beatae aliquid quia earum ea. Aut ut est ratione distinctio soluta debitis.','2000-01-15 23:11:30','1974-06-13 02:08:47'),(72,2,27,'1987-08-09 16:03:16','1991-11-24 02:24:55','Atque ipsa asperiores eveniet et velit rerum. Est dolorem est ipsum aspernatur qui aliquam. Beatae et reiciendis enim vero. Nam sit ratione impedit ullam sed tempore sit.','2018-09-29 23:38:04','1972-08-19 08:16:56'),(73,38,46,'2002-08-23 01:33:32','1987-04-05 16:25:35','Quisquam tempora ut consequatur recusandae dolor vel. Reiciendis a ipsum saepe temporibus illo sit. Eum eaque temporibus voluptatem ea in. Nisi expedita qui ducimus blanditiis.','2016-09-20 08:31:44','2014-01-28 17:03:13'),(74,57,5,'1988-12-20 00:51:47','1989-11-02 15:40:08','Quasi quia possimus et quidem quo officiis laboriosam. Dolore tempore qui amet sint vitae sequi reiciendis recusandae. Soluta nemo doloribus nesciunt neque. In a quia qui quod. Adipisci dolorem ut necessitatibus ea.','2011-02-14 06:27:18','1997-06-03 09:00:41'),(75,52,69,'1980-05-11 09:07:20','2004-03-17 15:27:36','Dolorem nihil similique quo. Labore magnam ad iste qui veritatis repellendus ullam. Repellat impedit facilis unde dolorum aliquid quia voluptatem quis. Harum atque doloremque enim voluptas voluptate blanditiis. Magnam asperiores sed velit autem doloribus mollitia a nobis.','1991-07-28 19:43:08','2000-06-23 18:46:24'),(76,97,15,'1982-11-04 15:42:52','2001-10-05 01:51:09','Labore eaque molestiae enim nobis. Voluptas rerum quo et quia eaque sit repellat. Qui distinctio sapiente hic exercitationem ipsam ex vero. Qui eos vero qui illo.','1981-04-21 18:13:41','1982-05-08 17:50:26'),(77,79,13,'2006-10-19 21:55:44','1975-04-16 04:52:24','Et quis qui beatae voluptatem repellat. Aut possimus velit quas. Corporis vel minus deleniti nemo atque.','2008-08-15 14:20:14','1975-01-29 21:06:18'),(78,9,24,'1999-06-02 09:01:20','1980-07-12 01:21:55','Nemo ut perferendis deserunt quia voluptatem blanditiis. Laudantium asperiores eos alias. Enim reiciendis tenetur suscipit rerum nobis ipsam distinctio ab. Dolores praesentium ipsa suscipit sit. Ea qui qui ut laboriosam.','2002-09-28 05:15:49','1988-08-23 13:37:27'),(79,88,45,'1975-02-25 22:17:22','2017-10-14 17:44:27','Aperiam velit ipsa ducimus omnis. Soluta nihil ut minima. Sed consequatur rerum consequatur quod similique dolores natus aspernatur.','1982-01-02 13:42:41','1992-12-02 18:19:43'),(80,83,46,'1975-06-02 08:07:02','1974-02-16 16:27:00','Quia quia blanditiis quos expedita. Dolorem explicabo est quia eligendi ab aut eius. Id nihil libero repudiandae officiis. Est tempora aut facere facilis culpa.','1999-07-08 19:10:02','1981-07-19 10:30:11'),(81,39,21,'2015-07-22 02:29:53','2011-08-27 16:35:58','Quidem temporibus ut quidem ut dolorum natus aliquam. Impedit sit tempora architecto incidunt. Distinctio necessitatibus culpa dolor et pariatur et eum. Tempore maxime illo eligendi voluptatem ab.','2003-04-19 15:39:08','1980-02-20 03:04:26'),(82,73,23,'2002-11-12 07:24:27','1982-01-25 13:25:48','Ut aliquid sint corrupti. Laudantium quidem quod aut et. Dicta expedita et in. Soluta facilis voluptas cupiditate quibusdam et nisi. Eos deleniti ut quaerat quo magnam vitae repellat.','2009-11-05 21:02:55','2016-06-25 16:40:14'),(83,83,28,'1976-12-18 05:53:35','2018-01-31 00:17:32','Velit nobis voluptatem recusandae blanditiis illum et sit. Est soluta et libero quas et totam ipsum. Voluptatum ut quia voluptatem quod.','2014-08-27 20:08:06','1998-05-06 11:34:24'),(84,5,4,'2004-05-07 10:47:16','1974-02-09 20:59:12','A qui nihil architecto est. Expedita culpa aut officia recusandae delectus distinctio.','2013-08-30 12:58:17','1991-11-13 06:45:49'),(85,14,79,'2010-01-05 18:53:03','2014-03-28 03:00:17','Ullam omnis nostrum blanditiis aliquam quo qui. Eum quo in enim et repellat adipisci repellendus. Laborum culpa ut laudantium est laudantium alias nisi excepturi. Vero et inventore officiis placeat aliquid. Earum voluptas enim ut dolores sit asperiores aut.','1971-05-22 14:48:09','1987-11-17 22:18:55'),(86,63,45,'1983-04-17 09:48:39','1970-01-03 05:08:44','Rerum eos quia doloribus nihil. Corrupti reprehenderit ipsam incidunt amet est excepturi totam. Eos et veniam blanditiis aut sapiente explicabo qui.','2012-06-09 15:07:57','1972-04-05 14:07:18'),(87,77,11,'1987-06-21 09:50:41','1994-06-04 05:03:52','Consequatur ut consequuntur dolorem id non debitis voluptas. Magni omnis similique ut accusamus qui error iusto. Mollitia unde eius aut nisi quisquam aliquam tempora qui. Incidunt ex impedit labore enim hic. Corrupti explicabo sed ipsam dicta omnis officiis enim.','2002-04-08 04:52:03','1991-02-15 21:06:10'),(88,80,66,'1974-07-03 05:58:26','1980-01-06 00:07:56','Esse consectetur vero assumenda. Consequatur nesciunt nihil ea quia. Dolores aut sed sit est. Voluptatem eos quis incidunt qui repellat.','1997-01-06 22:41:27','1985-11-19 11:48:24'),(89,62,93,'1977-02-18 09:13:50','1994-07-09 12:22:20','Suscipit consequatur quis quis fugiat saepe quos nobis. Minima qui voluptates adipisci ipsum error temporibus. Modi possimus ad ipsam aut. Adipisci voluptas delectus sed ex doloremque aut.','1978-10-09 06:15:28','1998-03-15 04:45:52'),(90,67,14,'2008-09-06 23:04:14','2000-10-07 04:07:48','Eius debitis natus excepturi quam illo reiciendis vel. Labore ut repellendus est aliquam. Exercitationem at porro similique. Reiciendis ut cum et deserunt ex natus occaecati. Et vitae sed tempore nihil maxime.','2010-10-14 08:16:09','2000-10-23 10:55:56'),(91,25,59,'1977-12-01 00:42:55','1995-05-28 21:43:52','Officiis nihil eos laudantium reprehenderit. Voluptatem nemo non odit. Expedita neque cumque ea optio et recusandae qui. Et alias magni atque et incidunt qui.','2018-07-14 16:17:03','1971-08-13 10:06:51'),(92,95,64,'2017-08-21 01:50:17','2011-05-12 01:57:22','Quos nemo molestias reprehenderit quo rerum. Eos vel alias maiores suscipit ipsam similique eos. Alias ut autem ut numquam qui praesentium autem.','1997-08-26 04:18:26','1988-02-06 00:48:45'),(93,27,58,'2016-05-31 04:50:18','2009-10-29 18:53:55','Aliquid non numquam iure praesentium quos ratione dolore et. Vel rerum et sit fuga sit corrupti et.','1979-06-10 03:39:51','1979-08-08 16:03:40'),(94,61,61,'2018-02-10 09:20:46','1971-06-25 02:51:58','Sed blanditiis eaque dolorum. Sapiente temporibus omnis commodi sint. Laboriosam voluptatem magnam velit ea id. Aperiam et illum corporis quae vel facilis.','1996-09-04 08:58:07','1982-06-08 02:58:34'),(95,68,41,'2010-03-13 15:24:10','2003-08-08 20:42:24','Ea aspernatur aliquid libero qui. Fugit aliquam doloremque occaecati et. Voluptatem ex ea nobis magnam animi.','1977-04-11 01:30:40','1977-01-04 04:05:55'),(96,45,11,'1970-12-29 22:35:11','2006-10-16 06:16:39','Non ut dolorem in nisi. Tenetur quia et praesentium eligendi officiis quia. Qui a eum at voluptas consectetur.','2017-12-21 20:15:10','1979-10-22 05:05:50'),(97,56,88,'1980-03-06 08:09:05','1990-06-28 17:29:53','Ipsa provident reprehenderit est autem impedit repellat sequi. Quas consequatur iste eius nemo vero tempora libero aliquam. Aperiam et dolor nobis omnis. Excepturi quisquam ullam possimus quia delectus ullam molestiae.','2000-04-08 20:50:24','1992-06-28 05:39:55'),(98,44,92,'2012-08-04 12:55:57','2004-05-18 22:57:22','Nisi non exercitationem rerum illum totam. Nobis et dolor necessitatibus. Nam autem corrupti totam alias veritatis.','1994-09-21 06:26:59','1978-03-06 18:34:56'),(99,76,55,'1988-02-14 07:27:29','2018-12-10 14:53:30','Eum eos illum omnis molestias facere. Praesentium et ut eos vel. Laborum labore fugiat nemo vero veritatis.','1982-10-03 07:55:26','1981-08-08 14:05:09'),(100,51,7,'2016-12-01 04:45:16','1993-09-27 01:39:51','Iusto blanditiis nam aliquid et adipisci. Incidunt asperiores nesciunt aut ducimus quia aut non. Magnam facere quia eos impedit blanditiis.','2009-01-26 15:50:22','1997-03-17 17:28:40');
/*!40000 ALTER TABLE `rent_queues` ENABLE KEYS */;
UNLOCK TABLES;
/*!50003 SET @saved_cs_client      = @@character_set_client */ ;
/*!50003 SET @saved_cs_results     = @@character_set_results */ ;
/*!50003 SET @saved_col_connection = @@collation_connection */ ;
/*!50003 SET character_set_client  = utf8mb4 */ ;
/*!50003 SET character_set_results = utf8mb4 */ ;
/*!50003 SET collation_connection  = utf8mb4_0900_ai_ci */ ;
/*!50003 SET @saved_sql_mode       = @@sql_mode */ ;
/*!50003 SET sql_mode              = 'ONLY_FULL_GROUP_BY,STRICT_TRANS_TABLES,NO_ZERO_IN_DATE,NO_ZERO_DATE,ERROR_FOR_DIVISION_BY_ZERO,NO_ENGINE_SUBSTITUTION' */ ;
DELIMITER ;;
/*!50003 CREATE*/ /*!50017 DEFINER=`root`@`localhost`*/ /*!50003 TRIGGER `rent_queues_after_insert` AFTER INSERT ON `rent_queues` FOR EACH ROW BEGIN
	INSERT INTO `rm`.`logs` (`rent_queues_id`, `user_id`, `resource_id`) VALUES(NEW.id, NEW.user_id, NEW.resource_id);
END */;;
DELIMITER ;
/*!50003 SET sql_mode              = @saved_sql_mode */ ;
/*!50003 SET character_set_client  = @saved_cs_client */ ;
/*!50003 SET character_set_results = @saved_cs_results */ ;
/*!50003 SET collation_connection  = @saved_col_connection */ ;

--
-- Table structure for table `rents`
--

DROP TABLE IF EXISTS `rents`;
/*!40101 SET @saved_cs_client     = @@character_set_client */;
/*!50503 SET character_set_client = utf8mb4 */;
CREATE TABLE `rents` (
  `id` int unsigned NOT NULL AUTO_INCREMENT COMMENT 'Идентификатор строки',
  `rent_queue_id` int unsigned NOT NULL COMMENT 'Идентификатор очереди',
  `starts_at` datetime DEFAULT CURRENT_TIMESTAMP COMMENT 'Время начало аренды',
  `ends_at` datetime DEFAULT CURRENT_TIMESTAMP COMMENT 'Время окончания аренды',
  `created_at` datetime DEFAULT CURRENT_TIMESTAMP COMMENT 'Время создания строки',
  `updated_at` datetime DEFAULT CURRENT_TIMESTAMP ON UPDATE CURRENT_TIMESTAMP COMMENT 'Время обновления строки',
  PRIMARY KEY (`id`),
  KEY `rents_rent_queue_id_fk` (`rent_queue_id`),
  CONSTRAINT `rents_rent_queue_id_fk` FOREIGN KEY (`rent_queue_id`) REFERENCES `rent_queues` (`id`) ON DELETE RESTRICT
) ENGINE=InnoDB AUTO_INCREMENT=101 DEFAULT CHARSET=utf8 COLLATE=utf8_unicode_ci COMMENT='Очереди на аренду';
/*!40101 SET character_set_client = @saved_cs_client */;

--
-- Dumping data for table `rents`
--

LOCK TABLES `rents` WRITE;
/*!40000 ALTER TABLE `rents` DISABLE KEYS */;
INSERT INTO `rents` VALUES (1,73,'2009-10-07 17:50:57','1982-12-16 07:30:29','2018-09-12 01:47:02','2001-12-04 03:46:03'),(2,64,'2005-12-30 17:52:28','1972-01-28 09:48:11','2001-02-05 19:59:04','1996-05-09 15:10:17'),(3,31,'1970-07-01 15:10:19','2006-11-05 00:31:04','2012-04-12 15:17:19','1994-06-25 15:30:46'),(4,34,'1978-02-10 21:56:08','1970-08-25 22:06:28','1980-02-22 10:13:41','1985-03-19 00:35:03'),(5,22,'1983-05-22 13:55:31','1986-01-25 12:53:10','1992-09-08 21:58:15','1995-01-17 18:26:13'),(6,17,'1995-09-16 10:56:53','1986-06-21 16:12:35','1976-09-16 13:28:50','1977-03-25 05:52:23'),(7,22,'2008-02-06 07:45:42','1976-04-20 15:33:35','1974-09-06 11:48:36','1988-02-19 20:33:57'),(8,70,'2019-08-03 11:32:52','1988-03-13 20:27:13','2015-11-10 07:13:52','2003-06-02 23:32:03'),(9,61,'1997-11-19 19:43:42','2007-06-28 02:02:07','1987-01-21 21:47:17','1990-05-02 01:33:13'),(10,51,'1970-08-04 14:05:51','2014-05-06 06:13:47','1970-03-25 02:31:35','1987-02-25 05:45:39'),(11,9,'1970-07-24 09:33:24','1984-09-09 13:48:51','1985-04-06 19:55:56','2012-10-07 08:54:06'),(12,72,'1994-07-05 04:58:42','1978-08-29 07:14:57','2017-10-23 23:13:18','2005-03-27 09:47:07'),(13,29,'1984-10-31 04:42:09','2005-03-17 18:53:58','2015-08-10 04:15:48','2016-03-23 06:30:52'),(14,49,'2014-08-13 20:46:47','1976-04-25 07:58:45','1987-12-21 23:50:36','1991-11-15 05:47:14'),(15,68,'1977-03-27 10:24:11','2001-03-18 15:21:53','2015-07-29 12:30:24','2012-10-03 22:19:02'),(16,39,'2011-04-04 17:04:47','2009-06-22 08:57:11','2012-06-06 14:36:01','2015-08-25 03:26:32'),(17,25,'2004-05-08 13:09:47','2008-01-02 12:33:42','1992-04-06 13:23:01','1992-07-09 09:31:47'),(18,98,'1982-11-19 10:24:15','2018-09-07 01:08:19','2003-03-15 20:07:15','1975-05-17 23:57:02'),(19,50,'1981-06-01 09:49:44','1983-10-27 10:24:04','2014-08-23 04:09:29','2012-02-14 03:17:58'),(20,6,'2010-10-18 11:14:17','2005-09-01 07:55:07','1997-04-26 19:03:42','1987-12-09 03:56:38'),(21,51,'2010-12-21 23:04:59','2016-03-28 13:43:40','1992-06-29 02:05:56','2015-06-11 02:28:27'),(22,35,'2015-12-30 22:39:58','1996-09-18 19:36:17','2001-11-03 23:25:29','2017-09-04 03:08:33'),(23,36,'2004-02-24 17:24:39','2020-07-09 10:23:36','2019-10-22 14:33:30','2005-08-02 05:42:08'),(24,8,'1982-11-27 17:24:12','1989-12-05 03:16:40','1978-10-11 01:19:06','2015-08-05 01:27:26'),(25,34,'2009-03-05 18:17:36','1981-02-19 13:34:31','2000-06-20 17:33:52','2020-08-05 19:01:14'),(26,5,'1973-05-31 22:15:18','2005-08-18 02:47:40','2017-10-06 20:05:31','2003-04-18 03:45:11'),(27,22,'2015-02-13 13:27:40','1973-03-16 23:11:27','1999-12-31 15:30:58','1974-12-19 21:16:16'),(28,77,'2020-03-07 00:58:43','2003-04-29 20:30:30','2020-07-05 10:14:40','1978-10-18 14:01:59'),(29,6,'1995-07-29 09:48:37','2005-05-19 12:52:15','1981-03-13 15:34:08','2018-12-20 07:20:35'),(30,33,'1970-05-09 03:24:16','1978-06-13 14:20:37','2016-10-15 09:12:10','1987-10-21 18:34:07'),(31,42,'2010-07-25 02:08:36','1979-11-22 23:10:18','2003-03-21 13:09:31','1998-11-29 15:35:56'),(32,45,'2014-02-19 06:07:06','2002-10-06 17:23:42','2005-03-18 07:39:52','2008-06-29 05:51:36'),(33,34,'1999-08-10 03:30:06','2014-02-18 20:32:33','2002-09-24 22:03:42','2008-02-17 23:03:43'),(34,56,'1996-05-30 13:24:12','1973-11-02 05:48:12','2017-07-07 00:49:25','2000-12-22 01:34:28'),(35,40,'1988-04-21 00:38:41','2009-10-09 23:49:18','1993-01-17 15:02:22','1997-03-29 03:42:59'),(36,17,'2015-11-28 10:11:53','1979-04-08 13:23:49','1988-04-28 18:52:01','1999-09-09 12:16:34'),(37,5,'1977-09-16 07:03:04','1986-05-08 02:57:37','1991-11-13 14:58:22','1997-06-18 09:56:38'),(38,51,'2011-07-09 21:56:18','1992-03-06 15:33:02','1976-09-01 16:21:24','2004-07-13 20:52:31'),(39,85,'2009-12-15 04:50:28','2000-06-14 12:56:12','2010-10-26 15:43:04','1998-09-12 06:58:33'),(40,15,'2006-09-21 17:46:00','1993-01-27 05:24:23','2013-10-12 06:04:30','1976-10-01 13:50:41'),(41,30,'1989-12-02 00:28:51','1992-08-26 09:23:50','1977-12-02 20:18:26','1998-07-25 03:28:12'),(42,21,'2020-02-09 17:36:36','1978-12-04 21:20:06','1978-02-18 08:01:30','1999-08-12 00:57:28'),(43,90,'2008-04-14 16:08:47','2005-01-15 15:01:43','2017-10-05 04:02:35','2018-09-27 12:04:46'),(44,25,'2017-09-21 07:36:50','1980-11-27 17:28:06','2015-05-05 01:31:25','1974-01-28 08:02:11'),(45,76,'1979-08-13 04:31:24','1982-06-13 09:09:23','1970-11-21 03:27:54','1998-05-05 05:50:17'),(46,34,'1984-03-01 10:55:42','1997-01-18 23:45:44','1971-03-28 05:07:14','1988-08-14 14:28:48'),(47,46,'2020-05-05 19:30:45','2005-08-31 20:09:26','2008-06-22 08:22:58','1982-03-30 12:39:02'),(48,21,'2015-09-17 16:15:37','2012-12-16 14:22:33','1993-06-13 19:11:50','1995-04-02 20:16:07'),(49,61,'1981-04-18 03:26:54','1977-08-06 03:16:19','2008-02-10 11:45:44','2006-06-15 16:38:28'),(50,43,'2004-05-02 12:35:00','1978-06-19 21:16:45','1995-03-28 12:34:11','1987-04-13 19:49:13'),(51,57,'1993-06-27 11:33:50','2009-11-21 09:39:48','1984-12-26 22:35:14','1979-11-26 01:41:59'),(52,79,'1997-09-20 08:10:57','2001-05-10 02:25:33','2017-06-08 20:01:34','2005-01-21 00:54:06'),(53,18,'1996-01-21 09:12:54','2013-07-08 18:56:02','2003-06-04 11:41:01','1982-06-22 22:06:34'),(54,64,'2019-09-27 15:02:53','1973-04-03 02:04:12','1982-02-10 16:30:34','1989-12-06 05:23:06'),(55,27,'1979-01-11 04:38:00','2016-03-01 16:12:16','1979-03-17 20:05:04','2001-09-27 03:28:25'),(56,98,'1987-10-15 22:32:48','1977-05-13 17:20:19','2000-09-02 06:05:35','1978-02-18 21:14:27'),(57,4,'2014-12-20 14:14:20','1976-04-04 18:35:09','1995-01-17 18:44:38','1974-07-10 01:21:27'),(58,64,'1987-11-22 09:46:04','1981-05-10 20:13:15','2019-01-04 21:51:35','2018-12-20 14:03:03'),(59,17,'1976-05-10 20:56:16','2009-05-31 01:25:26','1994-04-20 07:23:01','2017-06-11 16:48:08'),(60,85,'1981-05-11 12:11:51','2000-09-28 09:56:11','1986-06-11 18:26:18','2001-06-28 09:13:39'),(61,86,'1974-11-22 23:06:44','1999-04-19 03:51:37','1983-06-07 02:34:08','1972-09-01 11:55:51'),(62,6,'1996-04-09 16:01:54','2015-12-08 11:21:53','2001-06-06 22:41:52','2006-12-09 03:51:20'),(63,4,'1999-12-07 03:18:39','1997-07-23 01:51:14','2004-08-05 15:04:24','1998-05-31 19:48:13'),(64,8,'1987-12-15 17:10:31','1989-01-23 12:39:54','2015-11-20 14:53:19','2017-04-11 17:25:13'),(65,90,'1977-12-15 06:56:31','2010-03-18 18:02:07','2000-01-25 09:21:47','2019-11-01 05:20:48'),(66,1,'1977-08-29 07:14:28','1988-07-01 18:58:38','1998-02-07 20:36:43','1997-07-11 14:23:52'),(67,75,'2013-09-08 07:07:43','1992-03-14 23:47:30','2013-03-19 21:23:28','1982-11-25 00:38:46'),(68,63,'1971-02-25 10:44:41','2001-06-02 22:17:00','1983-05-11 06:23:44','1977-06-29 07:56:31'),(69,93,'2001-02-11 19:14:59','1993-02-12 05:19:11','2011-12-01 15:16:42','2016-08-10 05:07:41'),(70,64,'2003-08-04 11:51:57','2009-10-31 18:40:03','1974-08-13 01:58:20','1997-04-09 08:57:26'),(71,48,'2015-08-16 18:35:53','2014-11-29 12:16:24','2018-07-12 22:55:37','1979-09-21 01:48:22'),(72,96,'2005-12-05 08:56:57','2019-08-24 16:37:52','1979-04-28 08:44:48','1977-12-29 06:54:00'),(73,14,'2013-09-04 17:31:10','1991-11-23 23:26:28','1971-07-28 17:55:24','2012-05-23 08:53:02'),(74,13,'2017-09-25 18:46:41','2007-02-26 11:12:31','1991-03-03 09:44:51','2017-07-19 08:07:03'),(75,18,'2006-12-18 11:40:29','2016-03-09 19:21:03','2015-08-03 19:27:43','1997-12-16 14:15:21'),(76,25,'2003-04-26 19:27:22','1986-01-29 06:55:50','2015-09-01 01:03:39','2015-02-08 08:39:37'),(77,9,'1974-11-21 22:25:10','2007-04-04 05:57:35','2018-09-06 02:12:12','1984-02-16 23:06:57'),(78,53,'1994-11-28 16:55:18','1985-01-14 13:51:51','1989-01-09 00:59:09','2004-01-22 14:36:12'),(79,85,'2007-11-10 01:16:35','2013-12-18 23:52:15','2017-08-20 01:21:02','1989-09-28 17:00:15'),(80,1,'2017-03-11 17:01:39','1983-08-20 19:13:02','1995-03-20 10:52:13','1991-08-28 23:12:44'),(81,60,'2019-08-10 07:23:34','1990-02-12 17:58:14','2017-10-04 23:06:30','1970-04-28 23:49:29'),(82,88,'2004-10-05 23:44:57','2020-06-10 18:16:29','1972-10-25 23:48:14','2008-02-07 19:46:29'),(83,63,'1982-10-26 02:21:08','1987-11-14 09:22:03','1996-05-25 09:21:07','2003-08-23 07:16:45'),(84,42,'1997-08-27 01:16:13','1988-06-20 00:23:31','2001-09-29 09:22:27','2015-08-14 10:09:45'),(85,3,'2010-10-11 00:54:40','1970-12-08 19:56:35','2013-12-02 19:15:12','2013-12-04 06:45:41'),(86,23,'2014-10-27 14:22:55','1999-04-09 03:30:27','1970-11-17 11:44:24','2015-01-05 15:05:52'),(87,69,'2008-04-01 18:12:55','1984-07-27 09:38:41','1981-11-09 08:23:07','2010-09-12 15:30:12'),(88,82,'2004-11-18 10:53:32','1993-09-15 03:31:49','2004-12-21 09:25:26','1977-03-13 16:37:07'),(89,13,'1993-09-24 13:39:55','1982-10-08 18:41:44','2007-06-08 05:10:03','2014-06-18 08:56:43'),(90,41,'2006-06-06 04:35:31','1973-06-20 10:57:47','2008-02-12 01:26:37','2009-03-05 22:39:01'),(91,20,'1971-01-12 00:52:01','2002-05-19 11:48:00','1985-08-28 19:58:55','1970-07-02 14:28:13'),(92,30,'2017-08-08 00:53:31','1988-07-10 21:12:39','1984-05-24 08:15:32','2012-11-11 18:38:24'),(93,45,'2008-08-21 05:17:20','1984-12-23 18:01:45','1993-12-28 13:58:40','2014-11-19 22:22:28'),(94,57,'1984-01-31 13:47:55','1979-01-30 01:55:09','1986-08-27 09:13:42','1987-01-24 22:54:44'),(95,27,'1996-08-30 14:32:55','2002-11-11 20:27:38','1981-08-27 01:32:16','2020-09-13 10:12:28'),(96,88,'1979-03-21 11:17:02','1973-12-16 06:31:55','2014-12-11 16:31:07','1996-08-03 01:42:10'),(97,57,'1999-11-07 00:56:14','1987-09-14 00:48:50','1990-03-21 07:59:53','1995-05-21 11:37:57'),(98,54,'1978-12-23 07:45:06','2000-07-12 23:50:07','2020-03-15 22:06:15','2008-10-19 20:10:45'),(99,41,'1986-02-27 13:22:45','1999-08-08 16:07:58','1988-11-30 02:26:30','1992-12-25 22:36:06'),(100,21,'1971-02-01 06:10:09','1979-08-10 21:57:05','1972-08-15 20:13:55','1990-10-03 09:52:49');
/*!40000 ALTER TABLE `rents` ENABLE KEYS */;
UNLOCK TABLES;

--
-- Table structure for table `resource_types`
--

DROP TABLE IF EXISTS `resource_types`;
/*!40101 SET @saved_cs_client     = @@character_set_client */;
/*!50503 SET character_set_client = utf8mb4 */;
CREATE TABLE `resource_types` (
  `id` int unsigned NOT NULL AUTO_INCREMENT COMMENT 'Идентификатор строки',
  `name` varchar(100) CHARACTER SET utf8 COLLATE utf8_unicode_ci NOT NULL COMMENT 'Название типа',
  `description` varchar(500) CHARACTER SET utf8 COLLATE utf8_unicode_ci DEFAULT NULL COMMENT 'Описание',
  `created_at` datetime DEFAULT CURRENT_TIMESTAMP COMMENT 'Время создания строки',
  `updated_at` datetime DEFAULT CURRENT_TIMESTAMP ON UPDATE CURRENT_TIMESTAMP COMMENT 'Время обновления строки',
  PRIMARY KEY (`id`),
  UNIQUE KEY `name` (`name`)
) ENGINE=InnoDB AUTO_INCREMENT=111 DEFAULT CHARSET=utf8 COLLATE=utf8_unicode_ci COMMENT='Типы ресурсов';
/*!40101 SET character_set_client = @saved_cs_client */;

--
-- Dumping data for table `resource_types`
--

LOCK TABLES `resource_types` WRITE;
/*!40000 ALTER TABLE `resource_types` DISABLE KEYS */;
INSERT INTO `resource_types` VALUES (101,'Книга','Классическая книга в переплете','2003-02-07 16:55:42','2003-03-29 01:52:04'),(102,'E-Книга','Электронная книга','1985-03-19 19:23:08','1985-10-11 01:19:49'),(103,'Кран строительный','Строительная техника','1983-05-20 14:48:17','2020-08-09 05:51:49'),(104,'Бульдозер','Строительная техника','1986-06-04 09:20:19','1984-09-15 16:25:59'),(105,'Бетонный миксер','Строительная техника','1994-08-28 09:13:55','2020-02-24 12:15:48'),(106,'Холодильник промышленный','Складское оборудование','1998-04-14 18:48:19','2013-12-13 00:17:45'),(107,'Самолет','Авиа транспорт','1998-12-10 03:55:58','2012-06-07 17:23:20'),(108,'Вертолет','Авиа транспорт','2002-11-05 19:17:40','1973-11-01 03:15:59'),(109,'Беговая дорожка','Спортивные тренажеры','1989-07-29 01:07:32','1994-07-16 01:01:28'),(110,'Силовой станок','Спортивные тренажеры','1987-05-23 19:01:44','2020-01-13 11:39:31');
/*!40000 ALTER TABLE `resource_types` ENABLE KEYS */;
UNLOCK TABLES;

--
-- Table structure for table `resource_values`
--

DROP TABLE IF EXISTS `resource_values`;
/*!40101 SET @saved_cs_client     = @@character_set_client */;
/*!50503 SET character_set_client = utf8mb4 */;
CREATE TABLE `resource_values` (
  `id` int unsigned NOT NULL AUTO_INCREMENT COMMENT 'Идентификатор строки',
  `resource_id` int unsigned NOT NULL COMMENT 'Идентификатор ресурса',
  `characteristic_id` int unsigned NOT NULL COMMENT 'Характеристики ресурса',
  `value` varchar(100) CHARACTER SET utf8 COLLATE utf8_unicode_ci NOT NULL COMMENT 'Название value',
  `created_at` datetime DEFAULT CURRENT_TIMESTAMP COMMENT 'Время создания строки',
  `updated_at` datetime DEFAULT CURRENT_TIMESTAMP ON UPDATE CURRENT_TIMESTAMP COMMENT 'Время обновления строки',
  PRIMARY KEY (`id`),
  KEY `resource_values_resource_id_fk` (`resource_id`),
  KEY `resource_values_characteristic_id_fk` (`characteristic_id`),
  CONSTRAINT `resource_values_characteristic_id_fk` FOREIGN KEY (`characteristic_id`) REFERENCES `characteristics` (`id`) ON DELETE RESTRICT,
  CONSTRAINT `resource_values_resource_id_fk` FOREIGN KEY (`resource_id`) REFERENCES `resources` (`id`) ON DELETE RESTRICT
) ENGINE=InnoDB AUTO_INCREMENT=101 DEFAULT CHARSET=utf8 COLLATE=utf8_unicode_ci COMMENT='Свойство ресурсов';
/*!40101 SET character_set_client = @saved_cs_client */;

--
-- Dumping data for table `resource_values`
--

LOCK TABLES `resource_values` WRITE;
/*!40000 ALTER TABLE `resource_values` DISABLE KEYS */;
INSERT INTO `resource_values` VALUES (1,86,7,'Fugit.','2007-08-14 00:16:13','2002-04-07 15:39:57'),(2,55,20,'Voluptatem.','2019-10-27 05:28:44','1991-07-05 18:01:39'),(3,20,8,'Odio vero.','2019-10-30 17:54:26','2004-10-20 16:49:06'),(4,90,9,'Quo.','2018-12-13 03:34:22','1983-02-13 06:08:07'),(5,89,82,'Consectetur.','1981-06-22 11:52:02','2016-11-05 03:27:24'),(6,3,53,'Eos.','1999-09-10 16:19:33','1991-05-09 00:51:12'),(7,79,38,'Maxime enim.','2002-12-19 10:47:13','2013-03-09 15:39:16'),(8,76,9,'Ab.','2014-01-20 22:01:05','1983-04-23 05:40:12'),(9,95,80,'Architecto tempora.','2003-07-12 21:36:39','1983-12-24 15:46:42'),(10,10,26,'Earum.','1989-03-13 09:42:06','2011-07-14 09:38:48'),(11,71,100,'Incidunt.','1990-06-22 14:03:58','1982-07-29 21:12:51'),(12,64,95,'Consequatur ut.','1974-05-01 23:21:55','2015-02-04 00:10:28'),(13,85,29,'Ut.','2002-10-19 14:37:05','1980-04-07 10:23:05'),(14,8,14,'Voluptatem voluptas.','1976-11-28 03:22:51','1978-12-29 08:04:14'),(15,29,33,'Quisquam voluptas.','2016-07-01 08:21:07','1971-08-21 03:05:57'),(16,20,74,'Quibusdam.','2002-03-05 12:39:07','1970-10-16 08:40:46'),(17,16,72,'Omnis unde.','2015-01-11 13:09:44','1989-04-20 07:21:10'),(18,22,12,'Et doloremque.','1975-12-07 05:30:23','1984-08-01 06:02:53'),(19,46,63,'Rerum.','2016-11-26 14:58:07','1984-09-04 13:45:21'),(20,56,84,'Neque ducimus.','1995-10-28 12:15:52','1993-03-21 19:35:29'),(21,27,91,'Repellendus.','1997-05-27 02:27:33','1974-11-29 18:26:48'),(22,34,59,'Nobis.','1984-04-25 17:13:51','2009-06-18 15:43:44'),(23,96,4,'Iusto temporibus.','1974-10-07 19:01:46','1988-03-05 05:32:57'),(24,82,87,'Qui.','2012-02-20 09:37:08','1971-09-18 23:08:04'),(25,68,17,'Nostrum qui.','1999-08-05 02:35:30','1972-07-22 10:36:28'),(26,24,91,'Sit voluptatum.','1993-09-21 04:03:44','1984-04-27 08:01:27'),(27,54,84,'Veniam.','1998-08-20 02:24:50','1985-04-25 02:12:58'),(28,90,100,'Pariatur laboriosam.','1975-04-26 00:53:44','2011-01-11 12:25:25'),(29,43,100,'Possimus nobis.','2011-01-25 12:25:35','1992-02-02 22:25:31'),(30,91,97,'Sed labore.','2004-08-02 06:54:51','1985-12-19 22:01:25'),(31,55,51,'Dolores dolore.','2007-01-25 20:33:51','1998-01-29 02:25:53'),(32,39,61,'Rerum.','1973-11-16 03:09:18','1989-03-04 05:41:00'),(33,91,20,'Qui.','2017-10-05 23:41:23','1987-02-12 22:17:33'),(34,91,77,'Dolor quia.','1980-07-16 03:29:18','1995-04-11 19:15:05'),(35,15,39,'Et.','2014-12-18 09:58:55','1977-03-26 10:57:20'),(36,86,55,'Id quia.','2012-02-27 18:18:37','1979-03-22 13:04:03'),(37,20,71,'Sed.','1990-11-08 16:04:28','1981-06-12 20:07:08'),(38,30,50,'Non.','2013-07-21 05:49:30','1973-03-09 10:28:37'),(39,32,70,'Optio aspernatur.','1981-08-12 08:04:19','1983-01-30 07:52:35'),(40,90,25,'Sapiente velit.','1994-10-18 21:12:59','1971-09-02 03:02:46'),(41,14,53,'Eaque dolor.','1988-02-18 21:06:48','2002-09-16 15:45:04'),(42,45,19,'Totam sint.','1994-06-10 10:34:33','1990-07-12 13:36:16'),(43,62,53,'Fuga ipsum.','1977-12-23 10:17:30','2007-09-27 10:28:12'),(44,14,19,'Impedit.','1977-10-13 20:04:58','1995-08-27 08:05:46'),(45,66,31,'Modi.','2019-09-28 00:14:35','2018-02-03 20:39:08'),(46,21,92,'Pariatur.','2005-06-16 03:26:04','1970-09-22 06:51:15'),(47,81,75,'Tenetur.','2003-03-25 07:44:21','1992-12-31 16:06:34'),(48,42,39,'Sit.','1972-07-17 05:54:47','1976-05-17 23:02:32'),(49,98,67,'Iusto.','1999-09-18 21:27:05','1996-04-20 18:13:30'),(50,77,31,'Perferendis.','2002-08-29 10:52:05','1996-11-17 22:40:23'),(51,21,82,'Ut ut.','2019-10-09 01:46:06','2016-04-17 01:52:05'),(52,52,16,'Odio illo.','1983-10-17 06:01:21','2009-06-07 01:52:39'),(53,63,18,'Culpa illo.','1999-10-08 23:15:49','1980-09-05 13:36:23'),(54,65,73,'Et.','1999-05-21 14:24:03','1979-01-27 15:32:13'),(55,96,95,'Distinctio odit.','1985-07-19 20:51:34','1977-09-19 00:19:10'),(56,32,36,'Corrupti.','1973-07-03 09:24:20','1974-08-29 05:23:24'),(57,15,90,'Sunt eveniet.','2012-09-09 23:25:38','1974-10-09 15:18:41'),(58,49,1,'Voluptatem.','1972-11-23 03:33:13','1991-09-28 05:40:10'),(59,5,47,'At.','1990-03-16 20:18:35','2005-12-06 16:49:37'),(60,22,76,'Eligendi.','1990-06-01 13:26:24','2010-05-10 12:50:37'),(61,42,49,'Assumenda.','1989-12-22 03:10:08','2002-12-02 07:12:04'),(62,67,37,'Eaque.','2001-05-05 16:15:24','1995-03-28 06:19:19'),(63,9,70,'Officiis.','2002-08-29 08:59:30','1975-05-14 09:04:48'),(64,35,97,'Eum est.','2016-01-25 16:41:12','2004-02-10 11:24:50'),(65,98,19,'Consequatur odio.','2005-04-16 08:33:16','1985-01-04 22:24:30'),(66,9,99,'Voluptas tenetur.','2002-03-13 18:03:15','2019-01-29 05:05:00'),(67,85,60,'Ducimus provident.','1994-11-16 00:56:53','1973-05-27 19:55:16'),(68,29,84,'Non.','1976-02-27 09:00:33','1997-02-12 13:23:24'),(69,29,30,'Necessitatibus.','2002-03-13 13:08:27','1976-04-14 13:34:01'),(70,70,42,'Dolorem tenetur.','2006-11-23 15:19:48','1996-06-02 15:24:38'),(71,54,28,'Quaerat sit.','2006-07-27 02:54:14','1998-03-01 21:52:51'),(72,28,44,'Architecto.','2009-05-23 20:47:17','1982-02-19 22:13:31'),(73,51,27,'Sed.','2000-01-24 02:11:52','1999-05-16 13:26:49'),(74,33,90,'Culpa.','2018-12-30 08:57:09','2018-07-13 23:26:23'),(75,61,65,'Quod molestiae.','1978-07-23 02:03:32','2012-05-24 06:03:48'),(76,69,94,'Quam quo.','1991-11-25 01:01:54','2002-06-05 00:32:35'),(77,81,100,'Reprehenderit.','2016-10-31 13:51:53','1981-12-20 02:58:22'),(78,77,86,'Doloribus magnam.','1971-05-20 01:47:31','1975-06-28 11:29:28'),(79,56,36,'Aut aut.','1997-08-14 17:55:21','2017-08-01 03:17:25'),(80,25,38,'Qui itaque.','2003-04-06 01:30:43','2008-02-04 21:28:35'),(81,3,58,'In.','1973-07-07 01:45:22','2013-08-23 11:49:13'),(82,36,79,'Qui qui.','1971-05-13 14:07:14','1995-07-26 11:48:30'),(83,64,44,'Repellendus.','1988-08-07 00:08:19','2009-06-29 19:47:47'),(84,78,25,'At aut.','1987-04-10 17:38:32','1973-07-06 20:11:54'),(85,100,42,'Saepe.','2016-01-20 21:37:12','1989-05-21 11:48:23'),(86,92,55,'Expedita.','1990-11-21 23:30:41','1976-05-27 01:38:31'),(87,31,30,'Laudantium.','2009-01-23 16:49:47','2006-06-17 02:05:13'),(88,36,56,'Maiores.','1997-11-10 03:39:48','1998-09-07 20:30:01'),(89,95,78,'Provident.','1993-12-08 21:51:40','1986-05-17 04:29:43'),(90,22,59,'Quis aut.','1983-10-18 15:32:52','1981-10-24 13:13:01'),(91,40,9,'Id quibusdam.','2001-05-26 21:40:29','2003-11-03 18:37:07'),(92,10,84,'Eveniet.','1984-04-19 09:20:15','1979-08-15 08:49:37'),(93,86,79,'Culpa.','2002-01-10 12:51:06','1986-06-12 11:42:37'),(94,40,67,'Modi numquam.','1977-09-27 23:50:24','1973-09-08 13:08:27'),(95,25,70,'Est quas.','1974-03-27 16:29:30','1983-04-22 16:34:34'),(96,18,51,'Ratione consequatur.','1990-04-23 17:41:46','1989-06-04 15:44:00'),(97,36,15,'Rerum incidunt.','1978-10-13 07:58:11','1977-04-29 08:11:01'),(98,4,73,'Molestiae omnis.','2009-04-20 13:29:31','1983-07-06 07:38:35'),(99,73,93,'Voluptatum inventore.','1981-08-02 20:59:36','2010-12-26 18:08:26'),(100,19,27,'In.','1998-10-12 01:22:30','1977-09-14 12:13:36');
/*!40000 ALTER TABLE `resource_values` ENABLE KEYS */;
UNLOCK TABLES;

--
-- Table structure for table `resources`
--

DROP TABLE IF EXISTS `resources`;
/*!40101 SET @saved_cs_client     = @@character_set_client */;
/*!50503 SET character_set_client = utf8mb4 */;
CREATE TABLE `resources` (
  `id` int unsigned NOT NULL AUTO_INCREMENT COMMENT 'Идентификатор строки',
  `name` varchar(100) CHARACTER SET utf8 COLLATE utf8_unicode_ci NOT NULL COMMENT 'Название ресурса',
  `resource_type_id` int unsigned NOT NULL COMMENT 'Тип ресурса',
  `pickup_point_id` int unsigned NOT NULL COMMENT 'Пункты выдачи',
  `serial_number` varchar(100) CHARACTER SET utf8 COLLATE utf8_unicode_ci NOT NULL COMMENT 'Серийный номер ресурса',
  `created_at` datetime DEFAULT CURRENT_TIMESTAMP COMMENT 'Время создания строки',
  `updated_at` datetime DEFAULT CURRENT_TIMESTAMP ON UPDATE CURRENT_TIMESTAMP COMMENT 'Время обновления строки',
  `destroyed_at` datetime DEFAULT NULL COMMENT 'Время удаления ресурса',
  PRIMARY KEY (`id`),
  KEY `resources_resource_type_id_fk` (`resource_type_id`),
  KEY `resources_pickup_point_id_fk` (`pickup_point_id`),
  CONSTRAINT `resources_pickup_point_id_fk` FOREIGN KEY (`pickup_point_id`) REFERENCES `pickup_point` (`id`) ON DELETE RESTRICT,
  CONSTRAINT `resources_resource_type_id_fk` FOREIGN KEY (`resource_type_id`) REFERENCES `resource_types` (`id`) ON DELETE RESTRICT
) ENGINE=InnoDB AUTO_INCREMENT=101 DEFAULT CHARSET=utf8 COLLATE=utf8_unicode_ci COMMENT='Список ресурсов';
/*!40101 SET character_set_client = @saved_cs_client */;

--
-- Dumping data for table `resources`
--

LOCK TABLES `resources` WRITE;
/*!40000 ALTER TABLE `resources` DISABLE KEYS */;
INSERT INTO `resources` VALUES (1,'qui',107,1,'d82ee108-bf68-38a6-a8d9-bdad58859ce4','2010-09-27 06:37:02','2014-06-08 19:40:09',NULL),(2,'suscipit',108,4,'4dd7fecd-1625-3275-bb67-9b1a09bbc69f','2017-07-06 22:33:14','2018-05-21 10:13:50',NULL),(3,'magnam',101,2,'935cc68e-8ab8-3404-a9f1-5c363a4272d3','1975-01-12 09:16:48','1987-06-26 10:26:28',NULL),(4,'quam',110,5,'d862bca0-3687-32fc-b1b5-0228813599ff','2003-07-17 19:48:07','1989-04-20 06:40:55',NULL),(5,'repellendus',103,1,'560353e8-7d0d-3010-a6b4-b6167f86cc4b','1996-05-14 12:51:12','1984-11-02 08:33:15',NULL),(6,'cum',108,5,'297bd66b-752a-397d-bff8-a35308c6f98b','1973-10-02 09:50:47','1973-02-01 23:15:57',NULL),(7,'laboriosam',104,3,'1caf9e50-a91f-37f5-83bf-ceea586057d4','2003-06-21 09:30:13','1992-03-29 06:09:00',NULL),(8,'repudiandae',110,4,'ed82a478-8ed2-3afc-bde5-321c666493cf','2009-01-30 20:53:16','1988-10-08 04:19:12',NULL),(9,'qui',105,4,'beae2742-52de-3e5c-9e18-b4e4bfd0355c','1985-08-13 14:40:56','1999-01-15 19:14:00',NULL),(10,'eum',110,3,'593c5d2d-40c9-3f74-b606-db8c239b0e32','1981-04-09 08:15:25','2003-08-29 13:49:36',NULL),(11,'nulla',104,3,'f43bb333-f0aa-3e52-9e2b-96dbe2ebac3e','1989-10-30 15:54:21','2002-02-18 03:49:44',NULL),(12,'et',108,1,'05e68d99-7f4c-37a1-8cfd-af7a7a3ffc66','1991-06-10 15:09:38','2007-03-09 03:09:57',NULL),(13,'eaque',108,4,'ddbace86-e7e8-3f3f-aaf2-6eac5fea3de4','1972-08-04 00:07:09','2018-12-24 00:49:12',NULL),(14,'esse',101,2,'ecd5ffe5-4f34-392d-8dfc-d0c9f9ba210a','1981-01-22 08:23:56','1972-07-18 18:24:04',NULL),(15,'molestias',108,5,'0c615517-a2f5-383c-9993-8b65a7b1685d','1983-11-10 12:00:37','2015-02-28 21:07:06',NULL),(16,'est',106,2,'627aa989-12a1-3386-aeed-9c5eb73d64a7','1973-07-05 23:12:33','1975-05-22 08:36:54',NULL),(17,'tenetur',110,1,'9a842f61-35f2-330c-b499-cae6e623db66','1983-12-27 04:11:01','1991-10-10 12:52:22',NULL),(18,'totam',105,3,'13b00def-0bf2-37c2-891e-28c5dda159a7','2009-10-01 12:27:52','2020-03-27 20:19:49',NULL),(19,'fuga',110,1,'6d939fcb-64d9-356b-8673-a56ffe7134bf','1971-05-11 17:04:01','1973-05-14 04:23:42',NULL),(20,'eius',110,4,'b3f562c1-1508-36b8-af66-2585bbaa988d','2009-10-21 13:44:03','1994-11-28 17:22:16',NULL),(21,'itaque',108,3,'9b8274e1-5a93-3bd7-b03e-229649cd4d22','2012-08-07 00:25:19','2013-02-11 08:10:07',NULL),(22,'odit',106,5,'3aa5a7f6-6069-3ac5-9f93-43b08583d3f1','1977-03-19 23:36:23','1972-05-02 02:21:20',NULL),(23,'nihil',105,2,'cbfa102d-4679-329e-9ec3-33956e084f28','2016-04-07 09:42:48','1989-10-23 06:31:38',NULL),(24,'enim',107,1,'abbc7626-cdfd-3ede-915b-9c3d611e8b98','2002-05-15 14:53:58','1987-02-12 12:51:41',NULL),(25,'quo',107,5,'16e8f886-6be7-3aa8-a070-f2f9f1aaca72','2010-02-13 11:04:16','1988-04-12 18:39:46',NULL),(26,'quos',109,2,'3ef2c160-778c-3157-9cf0-39cef0befb60','1992-08-20 22:20:47','2010-05-12 04:02:42',NULL),(27,'sit',104,2,'769e4206-43ba-3f88-946d-5f63e5e23681','2001-12-24 13:47:24','2007-04-10 17:35:26',NULL),(28,'omnis',109,1,'c563b6fe-2f3a-37dd-ae89-c2fe70a91193','2016-04-14 07:51:23','2003-06-05 20:00:46',NULL),(29,'veritatis',105,3,'1e4b6bd2-d224-353e-a215-72ecc057cfcd','1997-07-01 00:11:07','2009-11-02 05:37:56',NULL),(30,'expedita',105,4,'a975a08a-2d53-3a02-b269-11155e9b26bf','1988-01-09 12:56:37','1978-03-28 18:46:53',NULL),(31,'quas',104,4,'0c59f13b-f10c-32b4-a8ba-2ae5190a81c1','1989-03-25 16:51:25','1986-12-27 23:28:06',NULL),(32,'officiis',110,1,'dc94db8c-87c8-304d-b6d6-013719f973d7','1989-03-15 13:46:10','1979-10-14 08:47:36',NULL),(33,'dolores',109,4,'cc013e2a-ced6-3455-bc52-3fbfcbdc5065','1970-02-17 11:25:12','2007-01-14 12:07:17',NULL),(34,'aut',110,2,'ad32ac27-49fc-3c3c-b27c-deed7fb19a3d','1972-04-12 16:34:44','2020-07-04 17:17:09',NULL),(35,'repudiandae',105,2,'b2ab01f7-28d6-307d-9082-2ae2eaa80c52','1971-07-16 06:49:51','1983-09-13 21:16:56',NULL),(36,'est',106,2,'8489a3e3-4dff-3fed-b571-ec07a16770fe','2015-09-19 23:29:22','1982-06-23 21:50:35',NULL),(37,'et',109,5,'2cdd5ca3-3241-3fce-96a9-262b7a2ca11a','1978-02-25 14:55:59','1982-02-05 04:46:24',NULL),(38,'aperiam',110,3,'e0a4c32a-7aa3-3c98-b621-9075c81b0df5','2015-03-09 00:45:39','1995-08-26 16:30:24',NULL),(39,'nihil',101,2,'dbee20ab-83e7-3f5a-97ee-32201e1708fa','1983-02-24 16:17:07','2012-06-16 17:45:17',NULL),(40,'eum',103,1,'c668af71-c51b-3b2a-84b1-1b45bf1bd262','1976-10-21 01:51:28','1989-02-28 06:50:18',NULL),(41,'natus',109,1,'ea8fcf36-6b30-327e-8bf8-9f3ca7772538','1991-09-16 01:05:38','1986-02-28 04:25:24',NULL),(42,'quaerat',101,3,'f8fc2042-3720-3bee-b5ee-5a8ff0dda8c2','2016-08-18 19:16:46','2015-08-26 20:33:38',NULL),(43,'quod',110,3,'1dd7b52b-30b4-3469-b8c7-5851e6419efe','1998-12-18 21:44:00','1992-06-15 14:29:41',NULL),(44,'reprehenderit',101,4,'a629f3f6-828e-3602-95d3-62cdc694c70c','1999-10-25 15:35:19','1999-11-22 11:08:47',NULL),(45,'omnis',107,2,'de38fc2d-21f8-313b-8f4b-7d9b6b36e262','1976-08-06 03:13:18','1983-03-27 22:07:39',NULL),(46,'laboriosam',104,5,'d0497a2d-91be-3410-a4d9-81df6267b7ff','1973-04-15 06:20:08','2013-05-22 22:18:25',NULL),(47,'non',104,2,'295d4b96-e4aa-37d3-8990-2c63947fb6e1','1991-11-23 06:28:31','1996-02-26 00:46:15',NULL),(48,'recusandae',107,3,'21140fba-717d-3bad-bedf-01e653eb941a','1983-07-23 20:09:22','1978-06-09 23:21:50',NULL),(49,'aut',101,1,'25144925-3c1e-3784-80bc-a5dc814a34db','2006-03-07 14:26:29','1983-01-22 07:35:35',NULL),(50,'minus',109,2,'39822a01-c7d2-34e7-ad99-bd1c95d14c7a','1977-12-01 03:39:59','2013-08-10 11:02:12',NULL),(51,'omnis',107,1,'2e3ee275-83f4-3127-b423-3db78237527a','2000-10-28 23:58:03','2000-09-19 08:34:40',NULL),(52,'sit',107,4,'aadb558c-6340-3e73-b693-0bdf8c65284c','1981-04-23 20:58:02','2004-05-18 04:32:31',NULL),(53,'ipsam',109,4,'c8ef38ba-3517-32f6-94f4-99f1e6c7c60e','1982-07-02 23:28:16','2015-02-13 13:09:58',NULL),(54,'corporis',104,2,'d55e9c5c-7920-3502-a7cd-665c28eba496','1987-05-02 22:29:33','1994-01-12 12:48:22',NULL),(55,'explicabo',108,4,'ab9831ed-01d5-3d05-8ae4-d34601e310a2','1981-10-11 01:29:35','1988-03-13 20:01:06',NULL),(56,'inventore',109,2,'d76c03ce-e209-3fea-b1de-9a0669da2177','1973-01-22 06:23:26','1987-05-01 10:55:31',NULL),(57,'aut',102,5,'14e82f66-91b1-3f22-b5c5-d841130195e4','2007-10-28 02:47:24','1979-04-18 07:03:49',NULL),(58,'ad',106,4,'0f171812-2885-3c67-b659-9cbbb00dc5f5','1970-03-17 17:29:14','1986-04-06 03:04:48',NULL),(59,'enim',106,2,'70f70d16-cb23-3d58-b04f-28869e0b39bc','2006-10-25 13:24:08','1972-01-01 06:04:22',NULL),(60,'quo',104,4,'b74c09db-f37b-3f51-b890-ed28b9673146','2001-12-11 07:55:24','1996-08-09 10:20:57',NULL),(61,'sed',109,2,'e6b97759-ad31-3783-bff9-2ff68869cbbc','2018-02-25 13:43:13','2019-10-27 03:29:38',NULL),(62,'aperiam',102,1,'48285626-c23d-3b87-b716-cae335f36db7','1995-06-12 01:51:06','1987-03-31 23:16:24',NULL),(63,'officia',102,3,'3acd0602-db6d-3bf9-b4dd-99b786a20686','1995-09-27 17:54:26','1990-08-14 04:26:44',NULL),(64,'excepturi',106,4,'061b127f-29fa-3dc8-8c74-e1fd62c84d4f','2020-08-11 06:04:32','1973-01-25 03:32:38',NULL),(65,'pariatur',105,3,'323e317d-40ab-30da-b227-a0bbdafdda5d','1991-08-21 01:46:48','2015-11-01 23:04:53',NULL),(66,'quis',108,2,'d1b6c6d7-b592-3bdc-9c2f-6176c4e0f860','2001-04-13 03:56:03','1982-05-08 13:48:50',NULL),(67,'quaerat',110,4,'7c65eab8-d3dd-3d26-8d10-a2305f2d00e4','1974-02-12 15:23:47','1999-08-14 03:39:22',NULL),(68,'earum',107,5,'03c68299-9e4f-336b-83c8-0b742c85dd7e','2001-09-06 06:17:55','2011-08-07 15:05:37',NULL),(69,'fugiat',110,3,'d08be399-270b-388f-a099-fea09ab8eb0a','2006-09-22 06:47:40','1988-06-30 04:48:23',NULL),(70,'ipsam',101,3,'f1fd38db-934c-3905-a031-043338f3a0d6','2002-03-26 19:44:02','2001-07-29 05:07:31',NULL),(71,'deleniti',104,4,'e2f54ddd-afba-33e4-9d06-5b19b72481ed','1986-03-05 01:10:16','1972-09-28 20:00:02',NULL),(72,'et',103,3,'a7ac2b2c-5759-32fc-b3fe-d774d9fd7218','1972-11-22 14:41:14','1995-11-07 01:30:46',NULL),(73,'rerum',107,4,'5b996790-8034-32f9-840d-e8f910f1344e','1974-03-04 18:57:28','1984-12-09 10:21:33',NULL),(74,'corporis',101,4,'922a6880-2a26-395e-9503-ce2a4c2ee6ad','2018-05-01 18:34:59','1973-03-29 03:13:14',NULL),(75,'ullam',110,5,'41181628-df9d-3354-a1d6-3942a97244a7','2004-10-04 00:46:23','1991-04-17 20:58:22',NULL),(76,'cupiditate',101,4,'649f94b3-1d55-3d22-b5e5-fe3374e9b2e9','1999-08-28 04:16:45','1970-07-01 17:44:26',NULL),(77,'dignissimos',110,5,'5fefa658-cca6-3390-823d-89aa5f26f6aa','1990-09-17 14:39:52','2010-06-15 11:38:49',NULL),(78,'reiciendis',108,4,'4e79e60b-37ba-3853-8a80-b219c5007c9e','2014-10-03 22:08:08','1978-03-06 10:41:06',NULL),(79,'quia',109,1,'2ab4af12-d778-330d-ae6b-ab6dd65679d4','1999-04-30 21:52:29','2005-01-25 18:57:46',NULL),(80,'explicabo',103,1,'18557fe4-832b-3b59-a899-272f23878cb1','1977-10-18 23:15:18','1982-01-17 10:08:46',NULL),(81,'perferendis',103,3,'045c4060-c515-3fd1-b7ed-ea4dcde264ec','1984-02-28 12:08:48','1996-10-07 16:07:30',NULL),(82,'nihil',102,3,'1f13aa2f-7321-36ef-a94a-1b388a97936c','2001-02-16 16:13:56','1971-06-07 05:23:46',NULL),(83,'repudiandae',103,5,'9aee42d3-65c0-34d0-bf61-59bec0c0d2e4','1977-04-02 18:07:45','2011-05-18 18:36:38',NULL),(84,'aperiam',105,1,'4addc4bf-6929-3bad-b240-152e314a4f3b','2012-11-27 02:54:53','2001-05-18 13:45:38',NULL),(85,'ut',110,5,'df9442d7-b1b0-319b-b789-763009dd8739','2010-03-08 05:13:59','1993-07-18 04:58:14',NULL),(86,'cum',103,3,'c29a3010-f91e-39b3-a0d2-ea26b165cc7b','2019-02-20 02:25:27','1999-05-02 10:30:33',NULL),(87,'ipsa',102,3,'740df655-78c4-32a2-aae2-700fe5be647b','2000-08-07 21:42:51','1973-04-27 15:53:52',NULL),(88,'ut',107,3,'eb70f79e-c85a-38fc-aa24-d0250987aaf0','2011-11-16 14:34:51','2002-12-13 19:46:49',NULL),(89,'vitae',107,2,'6b12c302-fe81-3561-8f1f-3ad9f416ae8e','1976-10-15 11:24:04','1981-02-25 02:06:08',NULL),(90,'unde',110,3,'2b74a298-8a12-3299-a0ca-97d0d01fa6fc','1971-03-08 12:38:20','1992-03-09 02:22:56',NULL),(91,'doloremque',107,4,'9c0ae5ca-b82d-32c4-a71d-abd1a7b8d9a6','1984-06-04 15:52:51','2001-05-07 00:10:48',NULL),(92,'aut',103,4,'8859f361-7a73-3a28-8947-2d2560b775bb','1972-07-18 04:14:43','1990-03-22 05:32:04',NULL),(93,'sunt',109,1,'6a8c6978-964f-3dc4-b3eb-44439505841a','1993-01-14 04:57:57','2006-10-06 19:03:12',NULL),(94,'architecto',108,4,'f6137de0-3330-30fb-9c5e-2d29847b731d','2012-12-04 19:44:45','1973-04-03 04:30:14',NULL),(95,'et',105,1,'cc8727e3-7233-378a-b193-731bb0036d5b','1990-01-16 20:23:31','1983-03-19 06:41:23',NULL),(96,'qui',105,1,'ce00de7d-89d0-329e-b525-4e44e3c4f111','1972-02-07 12:22:42','2004-03-01 05:24:20',NULL),(97,'necessitatibus',106,3,'a072a6f7-932f-3c73-a573-f95f2f777d0a','2018-06-09 09:39:48','2014-02-17 14:25:29',NULL),(98,'facilis',108,2,'3a32639a-5015-3d2d-8459-bd57413a5dcb','2016-11-22 02:43:03','2010-03-09 18:06:35',NULL),(99,'et',107,2,'1ad8c090-1397-3b32-bf57-c8226304989a','2010-08-31 01:38:20','2010-10-26 21:10:03',NULL),(100,'architecto',103,2,'6dc2d1f4-6cdd-3705-901f-44537c8b3c46','1990-04-01 23:41:21','1990-05-07 19:09:10',NULL);
/*!40000 ALTER TABLE `resources` ENABLE KEYS */;
UNLOCK TABLES;

--
-- Table structure for table `roles`
--

DROP TABLE IF EXISTS `roles`;
/*!40101 SET @saved_cs_client     = @@character_set_client */;
/*!50503 SET character_set_client = utf8mb4 */;
CREATE TABLE `roles` (
  `id` int unsigned NOT NULL AUTO_INCREMENT COMMENT 'Идентификатор строки',
  `name` varchar(100) CHARACTER SET utf8 COLLATE utf8_unicode_ci NOT NULL COMMENT 'Название роли',
  `created_at` datetime DEFAULT CURRENT_TIMESTAMP COMMENT 'Время создания строки',
  `updated_at` datetime DEFAULT CURRENT_TIMESTAMP ON UPDATE CURRENT_TIMESTAMP COMMENT 'Время обновления строки',
  PRIMARY KEY (`id`),
  UNIQUE KEY `name` (`name`)
) ENGINE=InnoDB AUTO_INCREMENT=102 DEFAULT CHARSET=utf8 COLLATE=utf8_unicode_ci COMMENT='Пользовательские роли';
/*!40101 SET character_set_client = @saved_cs_client */;

--
-- Dumping data for table `roles`
--

LOCK TABLES `roles` WRITE;
/*!40000 ALTER TABLE `roles` DISABLE KEYS */;
INSERT INTO `roles` VALUES (1,'User','2020-01-08 16:43:31','2020-01-08 16:43:31'),(101,'Administrator','2020-01-08 16:43:31','2020-01-08 16:43:31');
/*!40000 ALTER TABLE `roles` ENABLE KEYS */;
UNLOCK TABLES;

--
-- Table structure for table `users`
--

DROP TABLE IF EXISTS `users`;
/*!40101 SET @saved_cs_client     = @@character_set_client */;
/*!50503 SET character_set_client = utf8mb4 */;
CREATE TABLE `users` (
  `id` int unsigned NOT NULL AUTO_INCREMENT COMMENT 'Идентификатор строки',
  `first_name` varchar(100) CHARACTER SET utf8 COLLATE utf8_unicode_ci NOT NULL COMMENT 'Имя пользователя',
  `last_name` varchar(100) CHARACTER SET utf8 COLLATE utf8_unicode_ci NOT NULL COMMENT 'Фамилия пользователя',
  `email` varchar(100) CHARACTER SET utf8 COLLATE utf8_unicode_ci NOT NULL COMMENT 'Почта',
  `phone` varchar(100) CHARACTER SET utf8 COLLATE utf8_unicode_ci DEFAULT NULL COMMENT 'Телефон',
  `role_id` int unsigned NOT NULL DEFAULT '1' COMMENT 'Роль',
  `created_at` datetime DEFAULT CURRENT_TIMESTAMP COMMENT 'Время создания строки',
  `updated_at` datetime DEFAULT CURRENT_TIMESTAMP ON UPDATE CURRENT_TIMESTAMP COMMENT 'Время обновления строки',
  PRIMARY KEY (`id`),
  UNIQUE KEY `email` (`email`),
  UNIQUE KEY `phone` (`phone`),
  KEY `users_role_id_fk` (`role_id`),
  CONSTRAINT `users_role_id_fk` FOREIGN KEY (`role_id`) REFERENCES `roles` (`id`) ON DELETE RESTRICT
) ENGINE=InnoDB AUTO_INCREMENT=101 DEFAULT CHARSET=utf8 COLLATE=utf8_unicode_ci COMMENT='Пользователи';
/*!40101 SET character_set_client = @saved_cs_client */;

--
-- Dumping data for table `users`
--

LOCK TABLES `users` WRITE;
/*!40000 ALTER TABLE `users` DISABLE KEYS */;
INSERT INTO `users` VALUES (1,'Nat','Langworth','shaina.harris@example.net','535.603.7855x569',1,'1998-02-08 12:25:22','1996-08-05 17:20:45'),(2,'Lucile','Koss','nhermann@example.org','(606)954-1798',1,'1998-11-16 03:52:43','1989-08-04 21:11:28'),(3,'Elda','O\'Keefe','mveum@example.com','441.867.5353x82177',1,'2012-11-05 15:50:16','1995-01-30 23:34:03'),(4,'Gabrielle','Shields','ed82@example.net','(375)424-1179x42297',1,'1989-12-15 19:56:17','2000-01-30 01:08:44'),(5,'Amos','Hickle','shanny31@example.com','(672)340-2786x260',1,'2003-02-17 08:59:51','1983-09-16 13:23:45'),(6,'Chris','Blick','wfeest@example.org','494-225-5255x211',1,'1996-09-28 21:27:55','2019-10-27 15:07:09'),(7,'Harmon','Jerde','zemlak.patsy@example.com','167.245.8536',1,'2006-08-19 04:46:31','1997-06-26 23:09:56'),(8,'Ashlynn','Eichmann','cullen.goyette@example.org','1-108-756-1375x0328',1,'2015-02-12 02:12:19','2008-10-28 09:53:14'),(9,'Cora','Keeling','clotilde87@example.org','577.828.5330',1,'1979-06-18 09:11:54','2020-03-06 08:25:15'),(10,'Martina','Blanda','malcolm02@example.net','(129)013-2895x10580',1,'2015-09-09 12:57:07','2014-12-26 09:15:38'),(11,'Leda','Brown','anya.moore@example.net','1-259-635-5557x213',1,'2005-09-15 21:34:32','1981-06-22 14:18:27'),(12,'Pablo','Kirlin','herta27@example.com','442-916-9544',1,'2009-06-18 09:53:02','1971-04-13 14:03:46'),(13,'Hope','Monahan','icie.ruecker@example.net','457.439.8692',1,'1983-12-11 02:22:37','1988-08-05 15:48:41'),(14,'Sylvester','Wunsch','selena89@example.com','(864)062-5077x005',1,'2000-01-24 07:58:13','1998-02-27 13:55:33'),(15,'Juvenal','Frami','rbechtelar@example.com','658-108-0778',1,'2016-07-01 06:30:12','1983-10-23 20:12:33'),(16,'Damion','Turcotte','grant91@example.net','125-263-9372',1,'1974-09-13 00:46:04','1999-08-29 12:04:02'),(17,'Roger','Crona','anika71@example.com','593.307.6764x85660',1,'2014-03-16 17:12:26','1982-12-20 23:36:35'),(18,'Madisen','DuBuque','bailey.toy@example.org','(333)050-2286x0895',1,'1989-08-01 15:37:23','2013-06-26 00:41:16'),(19,'Bridget','Monahan','stephon.leffler@example.org','(134)211-0861',1,'2013-12-29 07:09:21','2006-09-12 03:08:53'),(20,'Isabell','McCullough','laverne22@example.net','(129)635-5606x781',1,'2007-10-02 14:21:18','1987-07-28 16:51:21'),(21,'Samara','Goyette','brant.powlowski@example.com','1-922-059-8693',1,'2017-05-06 15:07:43','2013-04-15 12:42:25'),(22,'Modesto','Reilly','oprohaska@example.com','847-864-8165x1626',1,'1988-07-08 15:26:23','1991-07-15 21:22:13'),(23,'Olin','Breitenberg','creola54@example.org','(420)112-0061x8484',1,'1997-05-29 18:24:44','2001-03-03 20:40:17'),(24,'Domingo','Waters','jvon@example.net','070-553-3769x836',1,'2008-03-11 14:40:23','1970-12-26 02:45:33'),(25,'Roxanne','Hilll','rose75@example.com','641.758.6760',1,'2016-12-18 07:04:06','1976-12-04 01:05:45'),(26,'Cindy','Bergnaum','herbert.romaguera@example.org','07425815346',1,'1981-09-10 13:52:21','1994-01-25 04:59:36'),(27,'Rhett','Balistreri','icorkery@example.org','1-376-046-5448',1,'2011-12-18 10:38:24','1980-05-31 02:31:24'),(28,'Fletcher','Wolff','casper43@example.org','(231)429-2698',1,'1980-09-17 06:28:56','2015-05-04 14:05:38'),(29,'Pierce','Pagac','tzboncak@example.net','591-422-9290x26978',1,'1999-10-28 02:49:23','2002-10-02 17:43:58'),(30,'Catalina','Kautzer','ortiz.osbaldo@example.net','976.317.6620x16586',1,'2012-08-09 09:22:07','2012-06-03 08:11:44'),(31,'Jerome','Osinski','jamil60@example.com','04466221765',1,'2014-12-28 19:14:59','2011-09-28 14:00:53'),(32,'Linwood','Keebler','alayna.hauck@example.org','067.236.6021x47204',1,'1979-02-25 01:47:37','1987-07-10 10:02:00'),(33,'Jordan','Zemlak','vtreutel@example.com','128.634.5837',1,'2018-01-04 14:37:54','2019-02-17 18:37:21'),(34,'Meggie','Luettgen','sarai.gutmann@example.net','(228)509-1368',1,'1995-05-28 08:55:33','2016-03-17 19:54:58'),(35,'Marquis','Hoeger','asha62@example.net','442.317.9248x0980',1,'1983-02-10 01:46:27','1999-07-04 05:24:17'),(36,'Garret','Reilly','howe.izaiah@example.net','(418)777-7222',1,'2008-01-26 22:54:23','1982-05-11 20:31:11'),(37,'Vidal','Marvin','amalia76@example.org','768.961.8290x597',1,'2005-05-06 23:30:16','2004-10-05 08:49:54'),(38,'Kaden','Towne','ernser.danial@example.com','111-506-7104x5617',1,'1989-03-04 07:27:48','2004-05-18 01:08:46'),(39,'Michelle','Donnelly','tara22@example.net','+99(2)2752708540',1,'2013-05-26 17:00:05','2018-08-03 14:23:23'),(40,'Citlalli','Cartwright','vivien.price@example.com','670-501-7076',1,'2007-09-14 22:43:59','1997-07-24 03:36:42'),(41,'Christy','Schneider','jgottlieb@example.org','00234102932',1,'1983-05-06 16:03:20','2019-12-23 03:07:50'),(42,'Johanna','Will','kdickens@example.org','(545)881-1562',1,'1986-10-22 08:59:59','1977-04-28 21:17:44'),(43,'Brandon','Bogisich','terry.jillian@example.com','(373)096-8801x0150',1,'1997-03-14 23:17:04','1999-05-31 06:34:01'),(44,'Clifton','Pollich','xklocko@example.org','02722389456',1,'1990-12-28 13:13:26','1976-02-04 00:52:25'),(45,'Tiara','Dibbert','nikolaus.caitlyn@example.org','846-459-5976',1,'2001-08-06 21:20:14','1986-09-17 23:21:23'),(46,'Emelia','Hirthe','pflatley@example.org','(220)250-6243',1,'1974-03-14 19:07:15','1970-05-06 11:27:43'),(47,'Elfrieda','Rohan','maude65@example.org','+72(3)1655615210',1,'1977-12-13 18:56:17','2002-10-04 03:21:04'),(48,'Lexie','Jacobi','stroman.amelie@example.org','+47(7)7370995698',1,'1990-11-14 18:16:34','1998-02-06 15:57:50'),(49,'Era','Hansen','lexus.lang@example.net','258.863.1322x96564',1,'1986-02-26 14:28:06','1993-03-27 11:22:01'),(50,'Bernie','Bergnaum','columbus16@example.org','1-135-650-2832',1,'1974-07-16 23:09:01','1996-08-01 07:03:29'),(51,'Katrina','Erdman','dedric.murazik@example.org','1-018-929-5498x10870',1,'2002-01-19 22:33:03','1975-08-04 18:13:33'),(52,'Mariano','Tremblay','cydney74@example.net','783.189.4370x328',1,'1981-09-30 21:29:06','1991-04-10 05:56:11'),(53,'Beaulah','Swift','heidenreich.jayne@example.net','226.395.3130',1,'1993-06-21 01:28:30','1979-03-26 23:21:40'),(54,'Litzy','Moen','sydney.jacobs@example.net','06982402247',1,'1983-06-02 09:25:40','1994-12-07 09:52:16'),(55,'Eileen','O\'Hara','tyler.hills@example.net','255-504-2959',1,'1999-12-30 12:03:33','1990-09-15 01:15:06'),(56,'Rick','Bruen','kip67@example.com','(284)647-2770',1,'1974-09-27 01:03:52','2000-05-01 18:13:03'),(57,'Jessica','Auer','hsatterfield@example.org','06088052520',1,'1998-09-07 00:46:05','2004-05-04 23:12:36'),(58,'Hellen','Altenwerth','boyle.lorena@example.org','975-217-8842x06002',1,'2006-03-23 07:14:11','1987-06-06 16:03:24'),(59,'Daija','Wolf','howell.fred@example.net','1-676-823-2893',1,'1978-11-06 05:05:49','2014-08-13 06:19:11'),(60,'Chloe','Kiehn','conor52@example.org','694-576-5659x1345',1,'2008-09-05 00:02:59','2017-06-19 23:22:53'),(61,'Leanne','Stanton','christiana15@example.net','(178)384-0121',1,'1995-02-17 12:56:41','2017-06-18 14:10:04'),(62,'Jayda','D\'Amore','zkulas@example.net','025-596-8300x097',1,'2006-03-18 15:32:32','2012-04-21 21:24:28'),(63,'Clovis','Hane','hand.karine@example.org','084.511.0863x6248',1,'1993-05-10 01:03:02','1994-06-16 20:02:14'),(64,'Eugenia','Kassulke','wherzog@example.net','002.257.8915x970',1,'1998-10-24 23:16:37','2016-08-04 04:54:50'),(65,'Jermaine','Rath','stanton.ethelyn@example.org','214.295.9662x75403',1,'1994-12-14 00:17:46','2017-10-01 08:27:51'),(66,'Braden','Kiehn','corwin.leonor@example.net','063-616-6546x4938',1,'1976-11-25 14:16:13','2017-07-31 06:15:47'),(67,'Verda','Tillman','krajcik.alex@example.org','1-267-548-1494x50565',1,'1986-03-23 20:55:22','1979-02-26 21:42:58'),(68,'Elisabeth','Gutkowski','bstark@example.com','+07(3)5753286629',1,'2010-12-01 03:25:11','1979-04-18 23:43:11'),(69,'Tyson','Price','julia.daniel@example.com','401.813.3176',1,'1993-12-10 10:01:31','1971-09-14 19:45:46'),(70,'Aileen','Swift','marisol.leuschke@example.net','1-491-658-9938x61408',1,'1980-02-02 09:10:17','1992-10-16 13:09:21'),(71,'Amani','Muller','heidenreich.dillon@example.org','1-101-333-8829x406',1,'2015-12-22 04:49:20','2016-03-10 00:02:21'),(72,'Porter','McDermott','hudson18@example.org','168-369-8326x9124',1,'2008-07-10 19:01:53','2006-04-09 15:29:11'),(73,'Micah','Blanda','dibbert.roxanne@example.com','(515)023-7886',1,'2013-08-19 05:01:04','2017-10-04 04:33:48'),(74,'Jovan','Lowe','leopoldo03@example.net','+49(6)3127733918',1,'2001-07-13 02:58:39','1986-05-18 14:55:18'),(75,'Austen','Wisoky','korbin24@example.net','1-231-974-2145x70489',1,'2002-07-02 17:29:51','2011-10-21 02:50:12'),(76,'Lilyan','Marvin','libbie.o\'conner@example.net','040.891.3124x7956',1,'2019-12-10 04:04:09','1994-03-09 20:11:48'),(77,'Ashley','Altenwerth','shea.borer@example.net','1-166-460-8138',1,'2002-06-15 01:41:14','1992-04-18 11:14:05'),(78,'Bailey','Bartell','dylan80@example.net','515.062.9136x499',1,'1986-04-16 19:34:21','1990-02-16 20:01:11'),(79,'Kirsten','Kirlin','ecruickshank@example.org','+48(1)5865188484',1,'2009-02-17 09:50:01','1995-09-20 00:58:17'),(80,'Adonis','Sipes','velva54@example.net','1-262-228-1946',1,'1990-12-27 00:52:08','1970-05-20 05:24:30'),(81,'Reina','Treutel','faye.schroeder@example.com','657.761.2472',1,'2004-07-15 22:01:29','2003-01-01 06:59:05'),(82,'Rey','Nader','daisha.shanahan@example.net','(924)043-7631x1552',1,'1996-07-02 02:40:48','2010-01-15 23:19:44'),(83,'Adolf','O\'Kon','orland17@example.net','1-232-355-9770',1,'1994-09-08 19:13:22','1971-11-08 12:49:19'),(84,'Vern','Will','alene.langosh@example.com','00185673665',1,'2004-09-25 12:40:51','2003-04-08 05:05:06'),(85,'Demetris','Koss','henri28@example.net','281-355-4464',1,'1982-12-10 23:01:39','1998-04-04 02:44:39'),(86,'Lisa','Wiegand','darrell.bechtelar@example.net','(844)744-8557x819',1,'1978-06-22 21:46:45','1981-11-29 02:21:42'),(87,'Amie','Spencer','sean06@example.org','09759899722',1,'2016-04-02 08:36:45','2003-10-27 20:52:18'),(88,'Simeon','Wiza','lon46@example.org','948.325.2453x2411',1,'2005-12-17 11:19:42','2006-10-23 06:44:11'),(89,'London','Crona','jwaters@example.com','1-212-398-5374x5691',1,'1996-11-22 21:00:48','1989-08-31 21:47:28'),(90,'Jolie','Carroll','ullrich.amani@example.org','04519553736',1,'1994-03-06 10:16:31','2009-04-09 16:49:13'),(91,'Leonardo','Kris','sabrina.jast@example.net','02964165773',1,'1971-09-28 16:42:47','1981-07-04 00:20:34'),(92,'Haylee','Hyatt','sawayn.keely@example.com','(304)356-5061x385',1,'2001-08-17 19:09:24','2017-05-02 03:06:49'),(93,'Kelli','Rowe','pdaugherty@example.com','(011)158-3927',1,'2020-07-12 21:43:34','1995-10-22 01:47:05'),(94,'Emma','Stroman','fkshlerin@example.com','1-661-886-2637x2126',1,'1970-05-09 01:28:54','1980-07-06 13:44:29'),(95,'Armand','Swift','cedrick48@example.org','058-051-9055',1,'1999-04-12 23:43:15','1995-07-16 19:37:24'),(96,'Garfield','Hartmann','elza51@example.net','08841858342',1,'1976-09-29 01:17:49','2003-01-02 06:44:21'),(97,'Alicia','Sauer','nolan.jeffery@example.net','1-467-972-6002x0317',1,'1981-11-28 18:18:09','2012-05-19 20:37:43'),(98,'Elenora','Lindgren','pfannerstill.norene@example.com','915.962.2525x53717',1,'2010-12-06 15:12:24','2014-10-10 02:40:21'),(99,'Marc','Reichel','lsauer@example.net','612.440.0811x54849',1,'2011-11-29 03:44:14','1990-05-29 20:38:40'),(100,'Clementina','Bradtke','o\'keefe.gabriella@example.org','00131041217',1,'1986-04-06 11:00:41','1990-05-06 21:46:53');
/*!40000 ALTER TABLE `users` ENABLE KEYS */;
UNLOCK TABLES;
/*!40103 SET TIME_ZONE=@OLD_TIME_ZONE */;

/*!40101 SET SQL_MODE=@OLD_SQL_MODE */;
/*!40014 SET FOREIGN_KEY_CHECKS=@OLD_FOREIGN_KEY_CHECKS */;
/*!40014 SET UNIQUE_CHECKS=@OLD_UNIQUE_CHECKS */;
/*!40101 SET CHARACTER_SET_CLIENT=@OLD_CHARACTER_SET_CLIENT */;
/*!40101 SET CHARACTER_SET_RESULTS=@OLD_CHARACTER_SET_RESULTS */;
/*!40101 SET COLLATION_CONNECTION=@OLD_COLLATION_CONNECTION */;
/*!40111 SET SQL_NOTES=@OLD_SQL_NOTES */;

-- Dump completed on 2020-10-02 23:21:48
